lat,lon,shakeClass,eilClass,label,source
14.22094,121.47123,viii,low,LOW,eil-2014-kmz
14.22055,121.47123,viii,moderate,MODERATE,eil-2014-kmz
14.21977,121.47123,viii,moderate,MODERATE,eil-2014-kmz
14.21938,121.47084,viii,low,LOW,eil-2014-kmz
14.21938,121.47123,viii,low,LOW,eil-2014-kmz
14.21860,121.47123,viii,moderate,MODERATE,eil-2014-kmz
14.21821,121.47084,viii,low,LOW,eil-2014-kmz
14.21782,121.47045,viii,low,LOW,eil-2014-kmz
14.21782,121.47084,viii,low,LOW,eil-2014-kmz
14.21743,121.47045,viii,low,LOW,eil-2014-kmz
14.21743,121.47123,viii,low,LOW,eil-2014-kmz
14.21705,121.47084,viii,low,LOW,eil-2014-kmz
14.21705,121.47123,viii,low,LOW,eil-2014-kmz
14.21666,121.47084,viii,low,LOW,eil-2014-kmz
14.21627,121.47006,viii,moderate,MODERATE,eil-2014-kmz
14.21627,121.47123,viii,moderate,MODERATE,eil-2014-kmz
14.21588,121.47006,viii,low,LOW,eil-2014-kmz
14.21588,121.47084,viii,low,LOW,eil-2014-kmz
14.21588,121.47123,viii,low,LOW,eil-2014-kmz
14.21510,121.47123,viii,moderate,MODERATE,eil-2014-kmz
14.21471,121.47006,viii,low,LOW,eil-2014-kmz
14.21471,121.47084,viii,low,LOW,eil-2014-kmz
14.21471,121.47123,viii,low,LOW,eil-2014-kmz
14.21432,121.46967,viii,low,LOW,eil-2014-kmz
14.21432,121.47045,viii,low,LOW,eil-2014-kmz
14.21432,121.47084,viii,low,LOW,eil-2014-kmz
14.21393,121.47006,viii,low,LOW,eil-2014-kmz
14.21393,121.47045,viii,moderate,MODERATE,eil-2014-kmz
14.21393,121.47123,viii,moderate,MODERATE,eil-2014-kmz
14.21354,121.46967,viii,moderate,MODERATE,eil-2014-kmz
14.21354,121.47084,viii,moderate,MODERATE,eil-2014-kmz
14.21354,121.47123,viii,low,LOW,eil-2014-kmz
14.21315,121.46967,viii,low,LOW,eil-2014-kmz
14.21315,121.47045,viii,moderate,MODERATE,eil-2014-kmz
14.21315,121.47084,viii,low,LOW,eil-2014-kmz
14.21277,121.47006,viii,low,LOW,eil-2014-kmz
14.21277,121.47045,viii,low,LOW,eil-2014-kmz
14.21277,121.47123,viii,moderate,MODERATE,eil-2014-kmz
14.21238,121.47084,viii,low,LOW,eil-2014-kmz
14.21238,121.47123,viii,low,LOW,eil-2014-kmz
14.21199,121.47084,viii,low,LOW,eil-2014-kmz
14.21160,121.46928,viii,moderate,MODERATE,eil-2014-kmz
14.21160,121.47123,viii,moderate,MODERATE,eil-2014-kmz
14.21121,121.46967,viii,low,LOW,eil-2014-kmz
14.21121,121.47084,viii,low,LOW,eil-2014-kmz
14.21121,121.47123,viii,low,LOW,eil-2014-kmz
14.21082,121.46928,viii,low,LOW,eil-2014-kmz
14.21082,121.46967,viii,low,LOW,eil-2014-kmz
14.21043,121.46889,viii,low,LOW,eil-2014-kmz
14.21043,121.46928,viii,low,LOW,eil-2014-kmz
14.21043,121.47006,viii,low,LOW,eil-2014-kmz
14.21043,121.47084,viii,low,LOW,eil-2014-kmz
14.21043,121.47123,viii,low,LOW,eil-2014-kmz
14.21004,121.46928,viii,low,LOW,eil-2014-kmz
14.21004,121.46967,viii,low,LOW,eil-2014-kmz
14.21004,121.47006,viii,low,LOW,eil-2014-kmz
14.21004,121.47045,viii,low,LOW,eil-2014-kmz
14.21004,121.47084,viii,low,LOW,eil-2014-kmz
14.21004,121.47123,viii,low,LOW,eil-2014-kmz
14.20965,121.47045,viii,low,LOW,eil-2014-kmz
14.20965,121.47084,viii,low,LOW,eil-2014-kmz
14.20926,121.46967,viii,low,LOW,eil-2014-kmz
14.20926,121.47006,viii,low,LOW,eil-2014-kmz
14.20926,121.47045,viii,low,LOW,eil-2014-kmz
14.20926,121.47123,viii,low,LOW,eil-2014-kmz
14.20888,121.47045,viii,low,LOW,eil-2014-kmz
14.20888,121.47123,viii,low,LOW,eil-2014-kmz
14.20849,121.47123,viii,low,LOW,eil-2014-kmz
14.20810,121.47084,viii,low,LOW,eil-2014-kmz
14.20810,121.47123,viii,low,LOW,eil-2014-kmz
14.20771,121.47084,viii,moderate,MODERATE,eil-2014-kmz
14.20771,121.47123,viii,low,LOW,eil-2014-kmz
14.20732,121.46850,viii,low,LOW,eil-2014-kmz
14.20732,121.47084,viii,low,LOW,eil-2014-kmz
14.20693,121.46811,viii,moderate,MODERATE,eil-2014-kmz
14.20693,121.47006,viii,low,LOW,eil-2014-kmz
14.20693,121.47045,viii,moderate,MODERATE,eil-2014-kmz
14.20693,121.47123,viii,moderate,MODERATE,eil-2014-kmz
14.20654,121.46850,viii,low,LOW,eil-2014-kmz
14.20654,121.46889,viii,low,LOW,eil-2014-kmz
14.20654,121.46967,viii,low,LOW,eil-2014-kmz
14.20654,121.47084,viii,low,LOW,eil-2014-kmz
14.20615,121.46811,viii,moderate,MODERATE,eil-2014-kmz
14.20615,121.46850,viii,low,LOW,eil-2014-kmz
14.20615,121.46967,viii,moderate,MODERATE,eil-2014-kmz
14.20615,121.47045,viii,moderate,MODERATE,eil-2014-kmz
14.20576,121.46811,viii,low,LOW,eil-2014-kmz
14.20576,121.46889,viii,moderate,MODERATE,eil-2014-kmz
14.20576,121.46928,viii,moderate,MODERATE,eil-2014-kmz
14.20576,121.47006,viii,high,HIGH,eil-2014-kmz
14.20576,121.47084,viii,low,LOW,eil-2014-kmz
14.20576,121.47123,viii,low,LOW,eil-2014-kmz
14.20537,121.46772,viii,moderate,MODERATE,eil-2014-kmz
14.20537,121.46850,viii,moderate,MODERATE,eil-2014-kmz
14.20537,121.46889,viii,moderate,MODERATE,eil-2014-kmz
14.20537,121.47084,viii,low,LOW,eil-2014-kmz
14.20499,121.46811,viii,moderate,MODERATE,eil-2014-kmz
14.20499,121.46850,viii,moderate,MODERATE,eil-2014-kmz
14.20460,121.46772,viii,low,LOW,eil-2014-kmz
14.20460,121.46811,viii,low,LOW,eil-2014-kmz
14.20421,121.46850,viii,low,LOW,eil-2014-kmz
14.20421,121.46928,viii,low,LOW,eil-2014-kmz
14.20421,121.46967,viii,low,LOW,eil-2014-kmz
14.20421,121.47045,viii,low,LOW,eil-2014-kmz
14.20382,121.46889,viii,moderate,MODERATE,eil-2014-kmz
14.20382,121.46928,viii,low,LOW,eil-2014-kmz
14.20382,121.47006,viii,high,HIGH,eil-2014-kmz
14.20382,121.47045,viii,high,HIGH,eil-2014-kmz
14.20382,121.47123,viii,high,HIGH,eil-2014-kmz
14.20343,121.46772,viii,low,LOW,eil-2014-kmz
14.20343,121.46850,viii,low,LOW,eil-2014-kmz
14.20343,121.46889,viii,low,LOW,eil-2014-kmz
14.20343,121.46967,viii,high,HIGH,eil-2014-kmz
14.20343,121.47006,viii,moderate,MODERATE,eil-2014-kmz
14.20343,121.47084,viii,high,HIGH,eil-2014-kmz
14.20343,121.47123,viii,high,HIGH,eil-2014-kmz
14.20304,121.46734,viii,low,LOW,eil-2014-kmz
14.20304,121.46811,viii,moderate,MODERATE,eil-2014-kmz
14.20304,121.46850,viii,moderate,MODERATE,eil-2014-kmz
14.20304,121.46928,viii,low,LOW,eil-2014-kmz
14.20304,121.46967,viii,high,HIGH,eil-2014-kmz
14.20304,121.47084,viii,moderate,MODERATE,eil-2014-kmz
14.20265,121.46811,viii,moderate,MODERATE,eil-2014-kmz
14.20265,121.47006,viii,low,LOW,eil-2014-kmz
14.20265,121.47045,viii,low,LOW,eil-2014-kmz
14.20265,121.47123,viii,low,LOW,eil-2014-kmz
14.20226,121.46734,viii,moderate,MODERATE,eil-2014-kmz
14.20226,121.46772,viii,moderate,MODERATE,eil-2014-kmz
14.20226,121.46850,viii,moderate,MODERATE,eil-2014-kmz
14.20226,121.46889,viii,moderate,MODERATE,eil-2014-kmz
14.20226,121.46967,viii,moderate,MODERATE,eil-2014-kmz
14.20226,121.47006,viii,low,LOW,eil-2014-kmz
14.20226,121.47084,viii,low,LOW,eil-2014-kmz
14.20187,121.46734,viii,moderate,MODERATE,eil-2014-kmz
14.20187,121.46811,viii,low,LOW,eil-2014-kmz
14.20187,121.46850,viii,moderate,MODERATE,eil-2014-kmz
14.20187,121.46928,viii,low,LOW,eil-2014-kmz
14.20187,121.46967,viii,low,LOW,eil-2014-kmz
14.20187,121.47045,viii,low,LOW,eil-2014-kmz
14.20187,121.47084,viii,low,LOW,eil-2014-kmz
14.20148,121.46695,viii,low,LOW,eil-2014-kmz
14.20148,121.46772,viii,low,LOW,eil-2014-kmz
14.20148,121.46889,viii,moderate,MODERATE,eil-2014-kmz
14.20148,121.46928,viii,low,LOW,eil-2014-kmz
14.20148,121.47006,viii,low,LOW,eil-2014-kmz
14.20148,121.47045,viii,low,LOW,eil-2014-kmz
14.20148,121.47123,viii,low,LOW,eil-2014-kmz
14.20109,121.46734,viii,moderate,MODERATE,eil-2014-kmz
14.20109,121.46772,viii,moderate,MODERATE,eil-2014-kmz
14.20109,121.46850,viii,low,LOW,eil-2014-kmz
14.20109,121.46889,viii,moderate,MODERATE,eil-2014-kmz
14.20109,121.46967,viii,low,LOW,eil-2014-kmz
14.20109,121.47006,viii,low,LOW,eil-2014-kmz
14.20109,121.47084,viii,low,LOW,eil-2014-kmz
14.20109,121.47123,viii,low,LOW,eil-2014-kmz
14.20071,121.46734,viii,high,HIGH,eil-2014-kmz
14.20071,121.46811,viii,low,LOW,eil-2014-kmz
14.20071,121.46928,viii,low,LOW,eil-2014-kmz
14.20071,121.46967,viii,low,LOW,eil-2014-kmz
14.20071,121.47045,viii,low,LOW,eil-2014-kmz
14.20071,121.47084,viii,low,LOW,eil-2014-kmz
14.20032,121.46811,viii,moderate,MODERATE,eil-2014-kmz
14.20032,121.46889,viii,low,LOW,eil-2014-kmz
14.20032,121.46928,viii,low,LOW,eil-2014-kmz
14.20032,121.47006,viii,low,LOW,eil-2014-kmz
14.20032,121.47045,viii,low,LOW,eil-2014-kmz
14.20032,121.47123,viii,low,LOW,eil-2014-kmz
14.19993,121.46772,viii,moderate,MODERATE,eil-2014-kmz
14.19993,121.46850,viii,low,LOW,eil-2014-kmz
14.19993,121.46889,viii,low,LOW,eil-2014-kmz
14.19993,121.46967,viii,low,LOW,eil-2014-kmz
14.19993,121.47084,viii,moderate,MODERATE,eil-2014-kmz
14.19993,121.47123,viii,low,LOW,eil-2014-kmz
14.19954,121.46811,viii,moderate,MODERATE,eil-2014-kmz
14.19954,121.46850,viii,low,LOW,eil-2014-kmz
14.19954,121.46967,viii,low,LOW,eil-2014-kmz
14.19954,121.47045,viii,high,HIGH,eil-2014-kmz
14.19954,121.47084,viii,low,LOW,eil-2014-kmz
14.19915,121.46811,viii,low,LOW,eil-2014-kmz
14.19915,121.46889,viii,moderate,MODERATE,eil-2014-kmz
14.19915,121.46928,viii,moderate,MODERATE,eil-2014-kmz
14.19915,121.47006,viii,moderate,MODERATE,eil-2014-kmz
14.19915,121.47045,viii,moderate,MODERATE,eil-2014-kmz
14.19915,121.47123,viii,low,LOW,eil-2014-kmz
14.19876,121.46850,viii,low,LOW,eil-2014-kmz
14.19876,121.46889,viii,moderate,MODERATE,eil-2014-kmz
14.19876,121.46967,viii,moderate,MODERATE,eil-2014-kmz
14.19876,121.47006,viii,moderate,MODERATE,eil-2014-kmz
14.19876,121.47084,viii,low,LOW,eil-2014-kmz
14.19876,121.47123,viii,low,LOW,eil-2014-kmz
14.19837,121.46850,viii,low,LOW,eil-2014-kmz
14.19837,121.46928,viii,low,LOW,eil-2014-kmz
14.19837,121.46967,viii,moderate,MODERATE,eil-2014-kmz
14.19837,121.47084,viii,low,LOW,eil-2014-kmz
14.19798,121.46811,viii,low,LOW,eil-2014-kmz
14.19798,121.46889,viii,low,LOW,eil-2014-kmz
14.19798,121.46928,viii,moderate,MODERATE,eil-2014-kmz
14.19798,121.47006,viii,moderate,MODERATE,eil-2014-kmz
14.19798,121.47045,viii,moderate,MODERATE,eil-2014-kmz
14.19798,121.47123,viii,low,LOW,eil-2014-kmz
14.19759,121.46967,viii,moderate,MODERATE,eil-2014-kmz
14.19759,121.47006,viii,moderate,MODERATE,eil-2014-kmz
14.19759,121.47084,viii,low,LOW,eil-2014-kmz
14.19720,121.46850,viii,moderate,MODERATE,eil-2014-kmz
14.19720,121.47045,viii,low,LOW,eil-2014-kmz
14.19720,121.47084,viii,moderate,MODERATE,eil-2014-kmz
14.19682,121.47045,viii,moderate,MODERATE,eil-2014-kmz
14.19682,121.47123,viii,high,HIGH,eil-2014-kmz
14.19643,121.47123,viii,low,LOW,eil-2014-kmz
14.22521,121.47446,viii,low,LOW,eil-2014-kmz
14.22521,121.47484,viii,low,LOW,eil-2014-kmz
14.22521,121.47523,viii,low,LOW,eil-2014-kmz
14.22521,121.47562,viii,low,LOW,eil-2014-kmz
14.22483,121.47446,viii,low,LOW,eil-2014-kmz
14.22483,121.47484,viii,low,LOW,eil-2014-kmz
14.22483,121.47523,viii,low,LOW,eil-2014-kmz
14.22483,121.47562,viii,low,LOW,eil-2014-kmz
14.22444,121.47368,viii,low,LOW,eil-2014-kmz
14.22444,121.47484,viii,low,LOW,eil-2014-kmz
14.22444,121.47523,viii,low,LOW,eil-2014-kmz
14.22405,121.47212,viii,low,LOW,eil-2014-kmz
14.22405,121.47446,viii,low,LOW,eil-2014-kmz
14.22405,121.47484,viii,low,LOW,eil-2014-kmz
14.22366,121.47173,viii,low,LOW,eil-2014-kmz
14.22366,121.47251,viii,low,LOW,eil-2014-kmz
14.22366,121.47407,viii,moderate,MODERATE,eil-2014-kmz
14.22366,121.47446,viii,moderate,MODERATE,eil-2014-kmz
14.22327,121.47173,viii,low,LOW,eil-2014-kmz
14.22327,121.47212,viii,low,LOW,eil-2014-kmz
14.22327,121.47251,viii,low,LOW,eil-2014-kmz
14.22327,121.47329,viii,low,LOW,eil-2014-kmz
14.22327,121.47407,viii,moderate,MODERATE,eil-2014-kmz
14.22327,121.47446,viii,low,LOW,eil-2014-kmz
14.22327,121.47679,viii,low,LOW,eil-2014-kmz
14.22288,121.47173,viii,low,LOW,eil-2014-kmz
14.22288,121.47212,viii,low,LOW,eil-2014-kmz
14.22288,121.47251,viii,low,LOW,eil-2014-kmz
14.22288,121.47368,viii,low,LOW,eil-2014-kmz
14.22288,121.47407,viii,low,LOW,eil-2014-kmz
14.22288,121.47446,viii,low,LOW,eil-2014-kmz
14.22288,121.47640,viii,low,LOW,eil-2014-kmz
14.22288,121.47679,viii,low,LOW,eil-2014-kmz
14.22288,121.47718,viii,low,LOW,eil-2014-kmz
14.22249,121.47173,viii,low,LOW,eil-2014-kmz
14.22249,121.47212,viii,low,LOW,eil-2014-kmz
14.22249,121.47251,viii,low,LOW,eil-2014-kmz
14.22249,121.47368,viii,low,LOW,eil-2014-kmz
14.22249,121.47407,viii,low,LOW,eil-2014-kmz
14.22249,121.47446,viii,low,LOW,eil-2014-kmz
14.22249,121.47601,viii,low,LOW,eil-2014-kmz
14.22249,121.47640,viii,low,LOW,eil-2014-kmz
14.22249,121.47679,viii,low,LOW,eil-2014-kmz
14.22249,121.47718,viii,low,LOW,eil-2014-kmz
14.22210,121.47173,viii,low,LOW,eil-2014-kmz
14.22210,121.47212,viii,low,LOW,eil-2014-kmz
14.22210,121.47251,viii,low,LOW,eil-2014-kmz
14.22210,121.47290,viii,low,LOW,eil-2014-kmz
14.22210,121.47329,viii,low,LOW,eil-2014-kmz
14.22210,121.47368,viii,low,LOW,eil-2014-kmz
14.22210,121.47407,viii,low,LOW,eil-2014-kmz
14.22210,121.47446,viii,low,LOW,eil-2014-kmz
14.22210,121.47601,viii,low,LOW,eil-2014-kmz
14.22210,121.47640,viii,low,LOW,eil-2014-kmz
14.22210,121.47679,viii,low,LOW,eil-2014-kmz
14.22171,121.47173,viii,low,LOW,eil-2014-kmz
14.22171,121.47212,viii,low,LOW,eil-2014-kmz
14.22171,121.47251,viii,low,LOW,eil-2014-kmz
14.22171,121.47290,viii,low,LOW,eil-2014-kmz
14.22171,121.47329,viii,low,LOW,eil-2014-kmz
14.22171,121.47368,viii,low,LOW,eil-2014-kmz
14.22171,121.47407,viii,low,LOW,eil-2014-kmz
14.22171,121.47446,viii,low,LOW,eil-2014-kmz
14.22171,121.47601,viii,low,LOW,eil-2014-kmz
14.22171,121.47640,viii,low,LOW,eil-2014-kmz
14.22171,121.47679,viii,low,LOW,eil-2014-kmz
14.22132,121.47173,viii,low,LOW,eil-2014-kmz
14.22132,121.47212,viii,low,LOW,eil-2014-kmz
14.22132,121.47251,viii,low,LOW,eil-2014-kmz
14.22132,121.47290,viii,low,LOW,eil-2014-kmz
14.22132,121.47329,viii,low,LOW,eil-2014-kmz
14.22132,121.47407,viii,low,LOW,eil-2014-kmz
14.22132,121.47446,viii,low,LOW,eil-2014-kmz
14.22132,121.47484,viii,low,LOW,eil-2014-kmz
14.22132,121.47523,viii,low,LOW,eil-2014-kmz
14.22132,121.47562,viii,low,LOW,eil-2014-kmz
14.22132,121.47601,viii,low,LOW,eil-2014-kmz
14.22132,121.47640,viii,low,LOW,eil-2014-kmz
14.22132,121.47679,viii,low,LOW,eil-2014-kmz
14.22094,121.47134,viii,low,LOW,eil-2014-kmz
14.22094,121.47173,viii,low,LOW,eil-2014-kmz
14.22094,121.47212,viii,low,LOW,eil-2014-kmz
14.22094,121.47251,viii,low,LOW,eil-2014-kmz
14.22094,121.47290,viii,low,LOW,eil-2014-kmz
14.22094,121.47407,viii,low,LOW,eil-2014-kmz
14.22094,121.47446,viii,low,LOW,eil-2014-kmz
14.22094,121.47484,viii,moderate,MODERATE,eil-2014-kmz
14.22094,121.47562,viii,low,LOW,eil-2014-kmz
14.22094,121.47601,viii,low,LOW,eil-2014-kmz
14.22094,121.47640,viii,low,LOW,eil-2014-kmz
14.22094,121.47679,viii,low,LOW,eil-2014-kmz
14.22055,121.47290,viii,low,LOW,eil-2014-kmz
14.22055,121.47329,viii,low,LOW,eil-2014-kmz
14.22055,121.47368,viii,low,LOW,eil-2014-kmz
14.22055,121.47407,viii,low,LOW,eil-2014-kmz
14.22055,121.47446,viii,low,LOW,eil-2014-kmz
14.22055,121.47484,viii,moderate,MODERATE,eil-2014-kmz
14.22055,121.47562,viii,low,LOW,eil-2014-kmz
14.22055,121.47601,viii,low,LOW,eil-2014-kmz
14.22055,121.47640,viii,low,LOW,eil-2014-kmz
14.22055,121.47718,viii,low,LOW,eil-2014-kmz
14.22016,121.47173,viii,low,LOW,eil-2014-kmz
14.22016,121.47212,viii,low,LOW,eil-2014-kmz
14.22016,121.47368,viii,low,LOW,eil-2014-kmz
14.22016,121.47484,viii,low,LOW,eil-2014-kmz
14.22016,121.47523,viii,low,LOW,eil-2014-kmz
14.22016,121.47562,viii,low,LOW,eil-2014-kmz
14.21977,121.47134,viii,moderate,MODERATE,eil-2014-kmz
14.21977,121.47562,viii,low,LOW,eil-2014-kmz
14.21977,121.48340,viii,low,LOW,eil-2014-kmz
14.21938,121.47134,viii,moderate,MODERATE,eil-2014-kmz
14.21899,121.47173,viii,low,LOW,eil-2014-kmz
14.21860,121.47134,viii,moderate,MODERATE,eil-2014-kmz
14.21860,121.47173,viii,low,LOW,eil-2014-kmz
14.21821,121.47134,viii,low,LOW,eil-2014-kmz
14.21821,121.47212,viii,low,LOW,eil-2014-kmz
14.21821,121.49235,viii,runout,MODERATE,eil-2014-kmz
14.21782,121.47173,viii,moderate,MODERATE,eil-2014-kmz
14.21782,121.47212,viii,low,LOW,eil-2014-kmz
14.21743,121.47134,viii,low,LOW,eil-2014-kmz
14.21743,121.47173,viii,low,LOW,eil-2014-kmz
14.21705,121.47134,viii,low,LOW,eil-2014-kmz
14.21705,121.47212,viii,low,LOW,eil-2014-kmz
14.21705,121.47251,viii,low,LOW,eil-2014-kmz
14.21705,121.47290,viii,low,LOW,eil-2014-kmz
14.21705,121.48457,viii,low,LOW,eil-2014-kmz
14.21666,121.47173,viii,moderate,MODERATE,eil-2014-kmz
14.21666,121.47212,viii,low,LOW,eil-2014-kmz
14.21666,121.47290,viii,low,LOW,eil-2014-kmz
14.21627,121.47134,viii,low,LOW,eil-2014-kmz
14.21627,121.47173,viii,low,LOW,eil-2014-kmz
14.21627,121.47251,viii,moderate,MODERATE,eil-2014-kmz
14.21627,121.47329,viii,low,LOW,eil-2014-kmz
14.21627,121.48379,viii,low,LOW,eil-2014-kmz
14.21588,121.47134,viii,low,LOW,eil-2014-kmz
14.21588,121.48496,viii,low,LOW,eil-2014-kmz
14.21549,121.47329,viii,low,LOW,eil-2014-kmz
14.21510,121.47134,viii,moderate,MODERATE,eil-2014-kmz
14.21510,121.47212,viii,moderate,MODERATE,eil-2014-kmz
14.21510,121.47251,viii,low,LOW,eil-2014-kmz
14.21510,121.47329,viii,low,LOW,eil-2014-kmz
14.21510,121.47368,viii,low,LOW,eil-2014-kmz
14.21471,121.47173,viii,low,LOW,eil-2014-kmz
14.21471,121.47212,viii,low,LOW,eil-2014-kmz
14.21471,121.47290,viii,low,LOW,eil-2014-kmz
14.21471,121.47329,viii,low,LOW,eil-2014-kmz
14.21471,121.47368,viii,low,LOW,eil-2014-kmz
14.21471,121.47873,viii,low,LOW,eil-2014-kmz
14.21471,121.47912,viii,low,LOW,eil-2014-kmz
14.21471,121.47951,viii,low,LOW,eil-2014-kmz
14.21432,121.47173,viii,low,LOW,eil-2014-kmz
14.21432,121.47251,viii,low,LOW,eil-2014-kmz
14.21432,121.47290,viii,low,LOW,eil-2014-kmz
14.21432,121.47329,viii,low,LOW,eil-2014-kmz
14.21432,121.47368,viii,low,LOW,eil-2014-kmz
14.21432,121.47835,viii,low,LOW,eil-2014-kmz
14.21432,121.47873,viii,low,LOW,eil-2014-kmz
14.21432,121.47912,viii,low,LOW,eil-2014-kmz
14.21393,121.47134,viii,low,LOW,eil-2014-kmz
14.21393,121.47212,viii,low,LOW,eil-2014-kmz
14.21393,121.47251,viii,low,LOW,eil-2014-kmz
14.21393,121.47329,viii,low,LOW,eil-2014-kmz
14.21393,121.47368,viii,low,LOW,eil-2014-kmz
14.21393,121.47835,viii,low,LOW,eil-2014-kmz
14.21354,121.47212,viii,low,LOW,eil-2014-kmz
14.21354,121.47251,viii,low,LOW,eil-2014-kmz
14.21354,121.47290,viii,low,LOW,eil-2014-kmz
14.21354,121.47329,viii,low,LOW,eil-2014-kmz
14.21354,121.47368,viii,low,LOW,eil-2014-kmz
14.21354,121.47796,viii,moderate,MODERATE,eil-2014-kmz
14.21354,121.47873,viii,low,LOW,eil-2014-kmz
14.21354,121.47912,viii,low,LOW,eil-2014-kmz
14.21354,121.47951,viii,low,LOW,eil-2014-kmz
14.21315,121.47134,viii,low,LOW,eil-2014-kmz
14.21315,121.47212,viii,low,LOW,eil-2014-kmz
14.21315,121.47251,viii,low,LOW,eil-2014-kmz
14.21315,121.47290,viii,low,LOW,eil-2014-kmz
14.21315,121.47329,viii,low,LOW,eil-2014-kmz
14.21315,121.47718,viii,low,LOW,eil-2014-kmz
14.21315,121.47757,viii,low,LOW,eil-2014-kmz
14.21315,121.47835,viii,low,LOW,eil-2014-kmz
14.21315,121.47873,viii,low,LOW,eil-2014-kmz
14.21315,121.47951,viii,low,LOW,eil-2014-kmz
14.21277,121.47134,viii,low,LOW,eil-2014-kmz
14.21277,121.47212,viii,low,LOW,eil-2014-kmz
14.21277,121.47251,viii,low,LOW,eil-2014-kmz
14.21277,121.47679,viii,moderate,MODERATE,eil-2014-kmz
14.21277,121.47718,viii,low,LOW,eil-2014-kmz
14.21277,121.47835,viii,low,LOW,eil-2014-kmz
14.21277,121.47951,viii,low,LOW,eil-2014-kmz
14.21238,121.47212,viii,low,LOW,eil-2014-kmz
14.21238,121.47679,viii,low,LOW,eil-2014-kmz
14.21238,121.47757,viii,low,LOW,eil-2014-kmz
14.21238,121.47796,viii,low,LOW,eil-2014-kmz
14.21238,121.47873,viii,low,LOW,eil-2014-kmz
14.21238,121.47912,viii,low,LOW,eil-2014-kmz
14.21238,121.47990,viii,low,LOW,eil-2014-kmz
14.21199,121.47134,viii,moderate,MODERATE,eil-2014-kmz
14.21199,121.47173,viii,low,LOW,eil-2014-kmz
14.21199,121.47640,viii,low,LOW,eil-2014-kmz
14.21199,121.47718,viii,moderate,MODERATE,eil-2014-kmz
14.21199,121.47757,viii,moderate,MODERATE,eil-2014-kmz
14.21199,121.47835,viii,low,LOW,eil-2014-kmz
14.21199,121.47873,viii,low,LOW,eil-2014-kmz
14.21199,121.47951,viii,low,LOW,eil-2014-kmz
14.21199,121.47990,viii,moderate,MODERATE,eil-2014-kmz
14.21160,121.47212,viii,moderate,MODERATE,eil-2014-kmz
14.21160,121.47251,viii,low,LOW,eil-2014-kmz
14.21160,121.47290,viii,low,LOW,eil-2014-kmz
14.21160,121.47679,viii,high,HIGH,eil-2014-kmz
14.21160,121.47718,viii,low,LOW,eil-2014-kmz
14.21160,121.47796,viii,low,LOW,eil-2014-kmz
14.21160,121.47912,viii,low,LOW,eil-2014-kmz
14.21160,121.47951,viii,low,LOW,eil-2014-kmz
14.21160,121.48029,viii,low,LOW,eil-2014-kmz
14.21160,121.48068,viii,low,LOW,eil-2014-kmz
14.21121,121.47173,viii,moderate,MODERATE,eil-2014-kmz
14.21121,121.47212,viii,moderate,MODERATE,eil-2014-kmz
14.21121,121.47640,viii,low,LOW,eil-2014-kmz
14.21121,121.47679,viii,moderate,MODERATE,eil-2014-kmz
14.21121,121.47796,viii,low,LOW,eil-2014-kmz
14.21121,121.47912,viii,low,LOW,eil-2014-kmz
14.21121,121.47990,viii,low,LOW,eil-2014-kmz
14.21121,121.48029,viii,moderate,MODERATE,eil-2014-kmz
14.21121,121.48107,viii,low,LOW,eil-2014-kmz
14.21082,121.47134,viii,low,LOW,eil-2014-kmz
14.21082,121.47173,viii,low,LOW,eil-2014-kmz
14.21082,121.47251,viii,low,LOW,eil-2014-kmz
14.21082,121.47640,viii,moderate,MODERATE,eil-2014-kmz
14.21082,121.47718,viii,moderate,MODERATE,eil-2014-kmz
14.21082,121.47757,viii,low,LOW,eil-2014-kmz
14.21082,121.47951,viii,low,LOW,eil-2014-kmz
14.21082,121.47990,viii,moderate,MODERATE,eil-2014-kmz
14.21082,121.48107,viii,low,LOW,eil-2014-kmz
14.21043,121.47134,viii,low,LOW,eil-2014-kmz
14.21043,121.47251,viii,low,LOW,eil-2014-kmz
14.21043,121.47290,viii,low,LOW,eil-2014-kmz
14.21043,121.47679,viii,low,LOW,eil-2014-kmz
14.21043,121.47718,viii,moderate,MODERATE,eil-2014-kmz
14.21043,121.47796,viii,low,LOW,eil-2014-kmz
14.21043,121.47951,viii,low,LOW,eil-2014-kmz
14.21043,121.48029,viii,low,LOW,eil-2014-kmz
14.21043,121.48068,viii,low,LOW,eil-2014-kmz
14.21043,121.48146,viii,low,LOW,eil-2014-kmz
14.21004,121.47173,viii,moderate,MODERATE,eil-2014-kmz
14.21004,121.47679,viii,moderate,MODERATE,eil-2014-kmz
14.21004,121.47757,viii,low,LOW,eil-2014-kmz
14.21004,121.47796,viii,low,LOW,eil-2014-kmz
14.21004,121.48029,viii,low,LOW,eil-2014-kmz
14.21004,121.48107,viii,moderate,MODERATE,eil-2014-kmz
14.21004,121.48146,viii,moderate,MODERATE,eil-2014-kmz
14.21004,121.48262,viii,low,LOW,eil-2014-kmz
14.21004,121.48301,viii,low,LOW,eil-2014-kmz
14.20965,121.47134,viii,low,LOW,eil-2014-kmz
14.20965,121.47173,viii,moderate,MODERATE,eil-2014-kmz
14.20965,121.47329,viii,low,LOW,eil-2014-kmz
14.20965,121.47718,viii,low,LOW,eil-2014-kmz
14.20965,121.47757,viii,moderate,MODERATE,eil-2014-kmz
14.20965,121.47873,viii,low,LOW,eil-2014-kmz
14.20965,121.47912,viii,low,LOW,eil-2014-kmz
14.20965,121.47951,viii,low,LOW,eil-2014-kmz
14.20965,121.47990,viii,low,LOW,eil-2014-kmz
14.20965,121.48068,viii,moderate,MODERATE,eil-2014-kmz
14.20965,121.48107,viii,low,LOW,eil-2014-kmz
14.20965,121.48185,viii,low,LOW,eil-2014-kmz
14.20965,121.48224,viii,low,LOW,eil-2014-kmz
14.20965,121.48340,viii,low,LOW,eil-2014-kmz
14.20926,121.47134,viii,low,LOW,eil-2014-kmz
14.20926,121.47212,viii,low,LOW,eil-2014-kmz
14.20926,121.47679,viii,low,LOW,eil-2014-kmz
14.20926,121.47718,viii,moderate,MODERATE,eil-2014-kmz
14.20926,121.47796,viii,low,LOW,eil-2014-kmz
14.20926,121.47835,viii,low,LOW,eil-2014-kmz
14.20926,121.47873,viii,low,LOW,eil-2014-kmz
14.20926,121.47951,viii,low,LOW,eil-2014-kmz
14.20926,121.48029,viii,moderate,MODERATE,eil-2014-kmz
14.20926,121.48068,viii,low,LOW,eil-2014-kmz
14.20926,121.48146,viii,low,LOW,eil-2014-kmz
14.20926,121.48185,viii,low,LOW,eil-2014-kmz
14.20926,121.48262,viii,low,LOW,eil-2014-kmz
14.20926,121.48340,viii,low,LOW,eil-2014-kmz
14.20926,121.48379,viii,low,LOW,eil-2014-kmz
14.20888,121.47173,viii,low,LOW,eil-2014-kmz
14.20888,121.47212,viii,low,LOW,eil-2014-kmz
14.20888,121.47251,viii,low,LOW,eil-2014-kmz
14.20888,121.47290,viii,low,LOW,eil-2014-kmz
14.20888,121.47329,viii,low,LOW,eil-2014-kmz
14.20888,121.47368,viii,low,LOW,eil-2014-kmz
14.20888,121.47446,viii,low,LOW,eil-2014-kmz
14.20888,121.47679,viii,low,LOW,eil-2014-kmz
14.20888,121.47757,viii,low,LOW,eil-2014-kmz
14.20888,121.47796,viii,moderate,MODERATE,eil-2014-kmz
14.20888,121.47873,viii,low,LOW,eil-2014-kmz
14.20888,121.47990,viii,low,LOW,eil-2014-kmz
14.20888,121.48029,viii,low,LOW,eil-2014-kmz
14.20888,121.48107,viii,moderate,MODERATE,eil-2014-kmz
14.20888,121.48146,viii,moderate,MODERATE,eil-2014-kmz
14.20888,121.48224,viii,moderate,MODERATE,eil-2014-kmz
14.20888,121.48262,viii,low,LOW,eil-2014-kmz
14.20888,121.48379,viii,low,LOW,eil-2014-kmz
14.20849,121.47134,viii,low,LOW,eil-2014-kmz
14.20849,121.47173,viii,low,LOW,eil-2014-kmz
14.20849,121.47212,viii,low,LOW,eil-2014-kmz
14.20849,121.47251,viii,low,LOW,eil-2014-kmz
14.20849,121.47290,viii,low,LOW,eil-2014-kmz
14.20849,121.47329,viii,low,LOW,eil-2014-kmz
14.20849,121.47407,viii,low,LOW,eil-2014-kmz
14.20849,121.47446,viii,low,LOW,eil-2014-kmz
14.20849,121.47484,viii,low,LOW,eil-2014-kmz
14.20849,121.47523,viii,low,LOW,eil-2014-kmz
14.20849,121.47718,viii,low,LOW,eil-2014-kmz
14.20849,121.47835,viii,low,LOW,eil-2014-kmz
14.20849,121.47990,viii,low,LOW,eil-2014-kmz
14.20849,121.48068,viii,low,LOW,eil-2014-kmz
14.20849,121.48107,viii,low,LOW,eil-2014-kmz
14.20849,121.48301,viii,moderate,MODERATE,eil-2014-kmz
14.20849,121.48340,viii,low,LOW,eil-2014-kmz
14.20849,121.48418,viii,low,LOW,eil-2014-kmz
14.20810,121.47134,viii,low,LOW,eil-2014-kmz
14.20810,121.47173,viii,low,LOW,eil-2014-kmz
14.20810,121.47212,viii,low,LOW,eil-2014-kmz
14.20810,121.47251,viii,low,LOW,eil-2014-kmz
14.20810,121.47290,viii,low,LOW,eil-2014-kmz
14.20810,121.47407,viii,low,LOW,eil-2014-kmz
14.20810,121.47484,viii,low,LOW,eil-2014-kmz
14.20810,121.47523,viii,low,LOW,eil-2014-kmz
14.20810,121.47562,viii,low,LOW,eil-2014-kmz
14.20810,121.47601,viii,low,LOW,eil-2014-kmz
14.20810,121.47718,viii,moderate,MODERATE,eil-2014-kmz
14.20810,121.47796,viii,moderate,MODERATE,eil-2014-kmz
14.20810,121.47835,viii,low,LOW,eil-2014-kmz
14.20810,121.48029,viii,low,LOW,eil-2014-kmz
14.20810,121.48068,viii,low,LOW,eil-2014-kmz
14.20810,121.48146,viii,moderate,MODERATE,eil-2014-kmz
14.20810,121.48185,viii,moderate,MODERATE,eil-2014-kmz
14.20810,121.48262,viii,low,LOW,eil-2014-kmz
14.20810,121.48301,viii,moderate,MODERATE,eil-2014-kmz
14.20810,121.48418,viii,low,LOW,eil-2014-kmz
14.20810,121.48457,viii,low,LOW,eil-2014-kmz
14.20771,121.47173,viii,low,LOW,eil-2014-kmz
14.20771,121.47212,viii,low,LOW,eil-2014-kmz
14.20771,121.47251,viii,low,LOW,eil-2014-kmz
14.20771,121.47329,viii,low,LOW,eil-2014-kmz
14.20771,121.47368,viii,low,LOW,eil-2014-kmz
14.20771,121.47407,viii,low,LOW,eil-2014-kmz
14.20771,121.47446,viii,low,LOW,eil-2014-kmz
14.20771,121.47484,viii,low,LOW,eil-2014-kmz
14.20771,121.47562,viii,low,LOW,eil-2014-kmz
14.20771,121.47601,viii,low,LOW,eil-2014-kmz
14.20771,121.47757,viii,low,LOW,eil-2014-kmz
14.20771,121.47796,viii,low,LOW,eil-2014-kmz
14.20771,121.47873,viii,low,LOW,eil-2014-kmz
14.20771,121.47912,viii,low,LOW,eil-2014-kmz
14.20771,121.47951,viii,low,LOW,eil-2014-kmz
14.20771,121.48224,viii,moderate,MODERATE,eil-2014-kmz
14.20771,121.48262,viii,moderate,MODERATE,eil-2014-kmz
14.20771,121.48340,viii,moderate,MODERATE,eil-2014-kmz
14.20771,121.51064,viii,low,LOW,eil-2014-kmz
14.20771,121.51102,viii,low,LOW,eil-2014-kmz
14.20732,121.47134,viii,low,LOW,eil-2014-kmz
14.20732,121.47173,viii,low,LOW,eil-2014-kmz
14.20732,121.47212,viii,low,LOW,eil-2014-kmz
14.20732,121.47251,viii,low,LOW,eil-2014-kmz
14.20732,121.47290,viii,low,LOW,eil-2014-kmz
14.20732,121.47368,viii,low,LOW,eil-2014-kmz
14.20732,121.47407,viii,low,LOW,eil-2014-kmz
14.20732,121.47523,viii,low,LOW,eil-2014-kmz
14.20732,121.47562,viii,low,LOW,eil-2014-kmz
14.20732,121.47601,viii,low,LOW,eil-2014-kmz
14.20732,121.47757,viii,low,LOW,eil-2014-kmz
14.20732,121.47835,viii,low,LOW,eil-2014-kmz
14.20732,121.48107,viii,low,LOW,eil-2014-kmz
14.20732,121.48185,viii,low,LOW,eil-2014-kmz
14.20732,121.48224,viii,low,LOW,eil-2014-kmz
14.20732,121.48301,viii,moderate,MODERATE,eil-2014-kmz
14.20732,121.48379,viii,low,LOW,eil-2014-kmz
14.20732,121.50986,viii,low,LOW,eil-2014-kmz
14.20693,121.47134,viii,low,LOW,eil-2014-kmz
14.20693,121.47212,viii,low,LOW,eil-2014-kmz
14.20693,121.47251,viii,low,LOW,eil-2014-kmz
14.20693,121.47290,viii,low,LOW,eil-2014-kmz
14.20693,121.47329,viii,low,LOW,eil-2014-kmz
14.20693,121.47368,viii,moderate,MODERATE,eil-2014-kmz
14.20693,121.47562,viii,low,LOW,eil-2014-kmz
14.20693,121.47601,viii,low,LOW,eil-2014-kmz
14.20693,121.47757,viii,low,LOW,eil-2014-kmz
14.20693,121.48146,viii,moderate,MODERATE,eil-2014-kmz
14.20693,121.48185,viii,moderate,MODERATE,eil-2014-kmz
14.20693,121.48262,viii,low,LOW,eil-2014-kmz
14.20693,121.48340,viii,moderate,MODERATE,eil-2014-kmz
14.20693,121.48379,viii,low,LOW,eil-2014-kmz
14.20693,121.48457,viii,moderate,MODERATE,eil-2014-kmz
14.20693,121.48496,viii,low,LOW,eil-2014-kmz
14.20693,121.48535,viii,low,LOW,eil-2014-kmz
14.20654,121.47212,viii,low,LOW,eil-2014-kmz
14.20654,121.47251,viii,low,LOW,eil-2014-kmz
14.20654,121.47290,viii,low,LOW,eil-2014-kmz
14.20654,121.47329,viii,low,LOW,eil-2014-kmz
14.20654,121.47407,viii,low,LOW,eil-2014-kmz
14.20654,121.47446,viii,moderate,MODERATE,eil-2014-kmz
14.20654,121.47523,viii,moderate,MODERATE,eil-2014-kmz
14.20654,121.47562,viii,low,LOW,eil-2014-kmz
14.20654,121.47679,viii,low,LOW,eil-2014-kmz
14.20654,121.47718,viii,low,LOW,eil-2014-kmz
14.20654,121.47796,viii,low,LOW,eil-2014-kmz
14.20654,121.47835,viii,low,LOW,eil-2014-kmz
14.20654,121.47873,viii,low,LOW,eil-2014-kmz
14.20654,121.47951,viii,low,LOW,eil-2014-kmz
14.20654,121.48146,viii,low,LOW,eil-2014-kmz
14.20654,121.48224,viii,low,LOW,eil-2014-kmz
14.20654,121.48301,viii,low,LOW,eil-2014-kmz
14.20654,121.48418,viii,low,LOW,eil-2014-kmz
14.20654,121.48457,viii,low,LOW,eil-2014-kmz
14.20615,121.47134,viii,moderate,MODERATE,eil-2014-kmz
14.20615,121.47173,viii,low,LOW,eil-2014-kmz
14.20615,121.47212,viii,low,LOW,eil-2014-kmz
14.20615,121.47251,viii,low,LOW,eil-2014-kmz
14.20615,121.47290,viii,low,LOW,eil-2014-kmz
14.20615,121.47368,viii,low,LOW,eil-2014-kmz
14.20615,121.47407,viii,low,LOW,eil-2014-kmz
14.20615,121.47484,viii,low,LOW,eil-2014-kmz
14.20615,121.47523,viii,moderate,MODERATE,eil-2014-kmz
14.20615,121.47601,viii,low,LOW,eil-2014-kmz
14.20615,121.47640,viii,low,LOW,eil-2014-kmz
14.20615,121.47718,viii,low,LOW,eil-2014-kmz
14.20615,121.47796,viii,low,LOW,eil-2014-kmz
14.20615,121.47835,viii,low,LOW,eil-2014-kmz
14.20615,121.47873,viii,low,LOW,eil-2014-kmz
14.20615,121.47912,viii,low,LOW,eil-2014-kmz
14.20615,121.47951,viii,low,LOW,eil-2014-kmz
14.20615,121.48185,viii,low,LOW,eil-2014-kmz
14.20615,121.48262,viii,low,LOW,eil-2014-kmz
14.20615,121.48301,viii,low,LOW,eil-2014-kmz
14.20615,121.48379,viii,low,LOW,eil-2014-kmz
14.20615,121.48418,viii,low,LOW,eil-2014-kmz
14.20615,121.48613,viii,low,LOW,eil-2014-kmz
14.20615,121.48652,viii,low,LOW,eil-2014-kmz
14.20576,121.47329,viii,low,LOW,eil-2014-kmz
14.20576,121.47368,viii,low,LOW,eil-2014-kmz
14.20576,121.47446,viii,low,LOW,eil-2014-kmz
14.20576,121.47484,viii,low,LOW,eil-2014-kmz
14.20576,121.47562,viii,low,LOW,eil-2014-kmz
14.20576,121.47640,viii,low,LOW,eil-2014-kmz
14.20576,121.47679,viii,low,LOW,eil-2014-kmz
14.20576,121.47718,viii,low,LOW,eil-2014-kmz
14.20576,121.47757,viii,low,LOW,eil-2014-kmz
14.20576,121.47796,viii,low,LOW,eil-2014-kmz
14.20576,121.47873,viii,low,LOW,eil-2014-kmz
14.20576,121.47912,viii,low,LOW,eil-2014-kmz
14.20576,121.48262,viii,low,LOW,eil-2014-kmz
14.20576,121.48457,viii,low,LOW,eil-2014-kmz
14.20576,121.48496,viii,moderate,MODERATE,eil-2014-kmz
14.20576,121.48574,viii,low,LOW,eil-2014-kmz
14.20576,121.50441,viii,low,LOW,eil-2014-kmz
14.20537,121.47446,viii,low,LOW,eil-2014-kmz
14.20537,121.47523,viii,low,LOW,eil-2014-kmz
14.20537,121.47562,viii,moderate,MODERATE,eil-2014-kmz
14.20537,121.47601,viii,low,LOW,eil-2014-kmz
14.20537,121.47679,viii,low,LOW,eil-2014-kmz
14.20537,121.47718,viii,low,LOW,eil-2014-kmz
14.20537,121.47796,viii,low,LOW,eil-2014-kmz
14.20537,121.47835,viii,low,LOW,eil-2014-kmz
14.20537,121.47873,viii,low,LOW,eil-2014-kmz
14.20537,121.47912,viii,low,LOW,eil-2014-kmz
14.20537,121.48224,viii,low,LOW,eil-2014-kmz
14.20537,121.48262,viii,low,LOW,eil-2014-kmz
14.20537,121.48301,viii,low,LOW,eil-2014-kmz
14.20537,121.48340,viii,low,LOW,eil-2014-kmz
14.20537,121.48418,viii,low,LOW,eil-2014-kmz
14.20537,121.48457,viii,low,LOW,eil-2014-kmz
14.20537,121.48535,viii,low,LOW,eil-2014-kmz
14.20537,121.48574,viii,low,LOW,eil-2014-kmz
14.20537,121.50480,viii,moderate,MODERATE,eil-2014-kmz
14.20499,121.47601,viii,low,LOW,eil-2014-kmz
14.20499,121.47640,viii,low,LOW,eil-2014-kmz
14.20499,121.47718,viii,low,LOW,eil-2014-kmz
14.20499,121.47757,viii,low,LOW,eil-2014-kmz
14.20499,121.47796,viii,low,LOW,eil-2014-kmz
14.20499,121.47835,viii,low,LOW,eil-2014-kmz
14.20499,121.47873,viii,low,LOW,eil-2014-kmz
14.20499,121.47912,viii,low,LOW,eil-2014-kmz
14.20499,121.47951,viii,low,LOW,eil-2014-kmz
14.20499,121.48224,viii,low,LOW,eil-2014-kmz
14.20499,121.48262,viii,low,LOW,eil-2014-kmz
14.20499,121.48301,viii,low,LOW,eil-2014-kmz
14.20499,121.48379,viii,low,LOW,eil-2014-kmz
14.20499,121.48418,viii,low,LOW,eil-2014-kmz
14.20499,121.48496,viii,moderate,MODERATE,eil-2014-kmz
14.20499,121.48535,viii,low,LOW,eil-2014-kmz
14.20499,121.50441,viii,moderate,MODERATE,eil-2014-kmz
14.20460,121.47562,viii,low,LOW,eil-2014-kmz
14.20460,121.47601,viii,low,LOW,eil-2014-kmz
14.20460,121.47640,viii,low,LOW,eil-2014-kmz
14.20460,121.47718,viii,low,LOW,eil-2014-kmz
14.20460,121.47796,viii,low,LOW,eil-2014-kmz
14.20460,121.47835,viii,low,LOW,eil-2014-kmz
14.20460,121.47873,viii,low,LOW,eil-2014-kmz
14.20460,121.47912,viii,low,LOW,eil-2014-kmz
14.20460,121.48224,viii,low,LOW,eil-2014-kmz
14.20460,121.48340,viii,low,LOW,eil-2014-kmz
14.20460,121.48496,viii,low,LOW,eil-2014-kmz
14.20421,121.47173,viii,low,LOW,eil-2014-kmz
14.20421,121.47601,viii,low,LOW,eil-2014-kmz
14.20421,121.47640,viii,low,LOW,eil-2014-kmz
14.20421,121.47679,viii,low,LOW,eil-2014-kmz
14.20421,121.47718,viii,low,LOW,eil-2014-kmz
14.20421,121.47796,viii,low,LOW,eil-2014-kmz
14.20421,121.47835,viii,low,LOW,eil-2014-kmz
14.20421,121.47873,viii,low,LOW,eil-2014-kmz
14.20421,121.47912,viii,low,LOW,eil-2014-kmz
14.20421,121.48301,viii,low,LOW,eil-2014-kmz
14.20421,121.48340,viii,low,LOW,eil-2014-kmz
14.20421,121.48418,viii,moderate,MODERATE,eil-2014-kmz
14.20421,121.48457,viii,low,LOW,eil-2014-kmz
14.20421,121.48535,viii,moderate,MODERATE,eil-2014-kmz
14.20382,121.47134,viii,high,HIGH,eil-2014-kmz
14.20382,121.47173,viii,low,LOW,eil-2014-kmz
14.20382,121.47679,viii,low,LOW,eil-2014-kmz
14.20382,121.47718,viii,low,LOW,eil-2014-kmz
14.20382,121.47757,viii,low,LOW,eil-2014-kmz
14.20382,121.47796,viii,low,LOW,eil-2014-kmz
14.20382,121.47873,viii,low,LOW,eil-2014-kmz
14.20382,121.47912,viii,low,LOW,eil-2014-kmz
14.20382,121.48262,viii,low,LOW,eil-2014-kmz
14.20382,121.48301,viii,low,LOW,eil-2014-kmz
14.20382,121.48379,viii,low,LOW,eil-2014-kmz
14.20382,121.48496,viii,low,LOW,eil-2014-kmz
14.20382,121.48535,viii,low,LOW,eil-2014-kmz
14.20343,121.47212,viii,moderate,MODERATE,eil-2014-kmz
14.20343,121.47251,viii,moderate,MODERATE,eil-2014-kmz
14.20343,121.47718,viii,low,LOW,eil-2014-kmz
14.20343,121.47796,viii,low,LOW,eil-2014-kmz
14.20343,121.47835,viii,low,LOW,eil-2014-kmz
14.20343,121.47873,viii,low,LOW,eil-2014-kmz
14.20343,121.48262,viii,low,LOW,eil-2014-kmz
14.20343,121.48379,viii,low,LOW,eil-2014-kmz
14.20343,121.48457,viii,moderate,MODERATE,eil-2014-kmz
14.20343,121.48496,viii,low,LOW,eil-2014-kmz
14.20343,121.48574,viii,low,LOW,eil-2014-kmz
14.20304,121.47173,viii,low,LOW,eil-2014-kmz
14.20304,121.47290,viii,moderate,MODERATE,eil-2014-kmz
14.20304,121.47329,viii,low,LOW,eil-2014-kmz
14.20304,121.48301,viii,moderate,MODERATE,eil-2014-kmz
14.20304,121.48340,viii,low,LOW,eil-2014-kmz
14.20304,121.48418,viii,low,LOW,eil-2014-kmz
14.20304,121.48457,viii,low,LOW,eil-2014-kmz
14.20304,121.48574,viii,moderate,MODERATE,eil-2014-kmz
14.20265,121.47251,viii,moderate,MODERATE,eil-2014-kmz
14.20265,121.47290,viii,high,HIGH,eil-2014-kmz
14.20265,121.47368,viii,low,LOW,eil-2014-kmz
14.20265,121.48224,viii,low,LOW,eil-2014-kmz
14.20265,121.48301,viii,low,LOW,eil-2014-kmz
14.20265,121.48379,viii,low,LOW,eil-2014-kmz
14.20265,121.48418,viii,moderate,MODERATE,eil-2014-kmz
14.20265,121.48496,viii,low,LOW,eil-2014-kmz
14.20265,121.48535,viii,moderate,MODERATE,eil-2014-kmz
14.20265,121.48613,viii,low,LOW,eil-2014-kmz
14.20265,121.48652,viii,low,LOW,eil-2014-kmz
14.20265,121.50908,viii,runout,MODERATE,eil-2014-kmz
14.20226,121.47134,viii,moderate,MODERATE,eil-2014-kmz
14.20226,121.47212,viii,moderate,MODERATE,eil-2014-kmz
14.20226,121.47329,viii,high,HIGH,eil-2014-kmz
14.20226,121.47368,viii,low,LOW,eil-2014-kmz
14.20226,121.47446,viii,low,LOW,eil-2014-kmz
14.20226,121.48224,viii,low,LOW,eil-2014-kmz
14.20226,121.48262,viii,low,LOW,eil-2014-kmz
14.20226,121.48340,viii,low,LOW,eil-2014-kmz
14.20226,121.48379,viii,moderate,MODERATE,eil-2014-kmz
14.20226,121.48457,viii,low,LOW,eil-2014-kmz
14.20226,121.48496,viii,low,LOW,eil-2014-kmz
14.20226,121.48574,viii,low,LOW,eil-2014-kmz
14.20187,121.47173,viii,low,LOW,eil-2014-kmz
14.20187,121.47212,viii,low,LOW,eil-2014-kmz
14.20187,121.47290,viii,moderate,MODERATE,eil-2014-kmz
14.20187,121.47329,viii,moderate,MODERATE,eil-2014-kmz
14.20187,121.47446,viii,low,LOW,eil-2014-kmz
14.20187,121.48224,viii,low,LOW,eil-2014-kmz
14.20187,121.48301,viii,low,LOW,eil-2014-kmz
14.20187,121.48418,viii,low,LOW,eil-2014-kmz
14.20187,121.48457,viii,moderate,MODERATE,eil-2014-kmz
14.20187,121.48535,viii,low,LOW,eil-2014-kmz
14.20187,121.48574,viii,moderate,MODERATE,eil-2014-kmz
14.20187,121.48652,viii,low,LOW,eil-2014-kmz
14.20187,121.48690,viii,low,LOW,eil-2014-kmz
14.20148,121.47134,viii,low,LOW,eil-2014-kmz
14.20148,121.47173,viii,high,HIGH,eil-2014-kmz
14.20148,121.47251,viii,moderate,MODERATE,eil-2014-kmz
14.20148,121.47290,viii,low,LOW,eil-2014-kmz
14.20148,121.47368,viii,moderate,MODERATE,eil-2014-kmz
14.20148,121.47407,viii,moderate,MODERATE,eil-2014-kmz
14.20148,121.47484,viii,low,LOW,eil-2014-kmz
14.20148,121.47523,viii,low,LOW,eil-2014-kmz
14.20148,121.48301,viii,low,LOW,eil-2014-kmz
14.20148,121.48340,viii,low,LOW,eil-2014-kmz
14.20148,121.48379,viii,low,LOW,eil-2014-kmz
14.20148,121.48418,viii,low,LOW,eil-2014-kmz
14.20148,121.48496,viii,low,LOW,eil-2014-kmz
14.20148,121.48535,viii,moderate,MODERATE,eil-2014-kmz
14.20148,121.48613,viii,moderate,MODERATE,eil-2014-kmz
14.20148,121.48652,viii,low,LOW,eil-2014-kmz
14.20148,121.48729,viii,low,LOW,eil-2014-kmz
14.20109,121.47134,viii,low,LOW,eil-2014-kmz
14.20109,121.47212,viii,moderate,MODERATE,eil-2014-kmz
14.20109,121.47251,viii,moderate,MODERATE,eil-2014-kmz
14.20109,121.47329,viii,low,LOW,eil-2014-kmz
14.20109,121.47368,viii,low,LOW,eil-2014-kmz
14.20109,121.47446,viii,low,LOW,eil-2014-kmz
14.20109,121.47484,viii,high,HIGH,eil-2014-kmz
14.20109,121.48379,viii,low,LOW,eil-2014-kmz
14.20109,121.48457,viii,low,LOW,eil-2014-kmz
14.20109,121.48574,viii,low,LOW,eil-2014-kmz
14.20109,121.48613,viii,low,LOW,eil-2014-kmz
14.20109,121.48690,viii,moderate,MODERATE,eil-2014-kmz
14.20071,121.47173,viii,low,LOW,eil-2014-kmz
14.20071,121.47212,viii,low,LOW,eil-2014-kmz
14.20071,121.47290,viii,moderate,MODERATE,eil-2014-kmz
14.20071,121.47407,viii,low,LOW,eil-2014-kmz
14.20071,121.47523,viii,high,HIGH,eil-2014-kmz
14.20071,121.48107,viii,low,LOW,eil-2014-kmz
14.20071,121.48224,viii,low,LOW,eil-2014-kmz
14.20071,121.48301,viii,low,LOW,eil-2014-kmz
14.20071,121.48418,viii,low,LOW,eil-2014-kmz
14.20071,121.48457,viii,low,LOW,eil-2014-kmz
14.20071,121.48535,viii,low,LOW,eil-2014-kmz
14.20071,121.48574,viii,moderate,MODERATE,eil-2014-kmz
14.20071,121.48652,viii,moderate,MODERATE,eil-2014-kmz
14.20071,121.48690,viii,low,LOW,eil-2014-kmz
14.20071,121.48729,viii,low,LOW,eil-2014-kmz
14.20032,121.47134,viii,low,LOW,eil-2014-kmz
14.20032,121.47173,viii,low,LOW,eil-2014-kmz
14.20032,121.47251,viii,low,LOW,eil-2014-kmz
14.20032,121.47290,viii,low,LOW,eil-2014-kmz
14.20032,121.47368,viii,high,HIGH,eil-2014-kmz
14.20032,121.47407,viii,low,LOW,eil-2014-kmz
14.20032,121.47484,viii,low,LOW,eil-2014-kmz
14.20032,121.47640,viii,low,LOW,eil-2014-kmz
14.20032,121.48146,viii,low,LOW,eil-2014-kmz
14.20032,121.48185,viii,low,LOW,eil-2014-kmz
14.20032,121.48262,viii,low,LOW,eil-2014-kmz
14.20032,121.48301,viii,low,LOW,eil-2014-kmz
14.20032,121.48379,viii,low,LOW,eil-2014-kmz
14.20032,121.48418,viii,low,LOW,eil-2014-kmz
14.20032,121.48496,viii,low,LOW,eil-2014-kmz
14.20032,121.48613,viii,low,LOW,eil-2014-kmz
14.20032,121.48652,viii,low,LOW,eil-2014-kmz
14.20032,121.48729,viii,low,LOW,eil-2014-kmz
14.19993,121.47134,viii,low,LOW,eil-2014-kmz
14.19993,121.47212,viii,low,LOW,eil-2014-kmz
14.19993,121.47251,viii,moderate,MODERATE,eil-2014-kmz
14.19993,121.47329,viii,low,LOW,eil-2014-kmz
14.19993,121.47446,viii,low,LOW,eil-2014-kmz
14.19993,121.47484,viii,moderate,MODERATE,eil-2014-kmz
14.19993,121.47562,viii,low,LOW,eil-2014-kmz
14.19993,121.47601,viii,low,LOW,eil-2014-kmz
14.19993,121.47679,viii,low,LOW,eil-2014-kmz
14.19993,121.47718,viii,low,LOW,eil-2014-kmz
14.19993,121.48068,viii,low,LOW,eil-2014-kmz
14.19993,121.48107,viii,low,LOW,eil-2014-kmz
14.19993,121.48146,viii,low,LOW,eil-2014-kmz
14.19993,121.48224,viii,low,LOW,eil-2014-kmz
14.19993,121.48262,viii,low,LOW,eil-2014-kmz
14.19993,121.48340,viii,low,LOW,eil-2014-kmz
14.19993,121.48457,viii,moderate,MODERATE,eil-2014-kmz
14.19993,121.48496,viii,moderate,MODERATE,eil-2014-kmz
14.19993,121.48652,viii,low,LOW,eil-2014-kmz
14.19993,121.48690,viii,low,LOW,eil-2014-kmz
14.19954,121.47173,viii,moderate,MODERATE,eil-2014-kmz
14.19954,121.47212,viii,moderate,MODERATE,eil-2014-kmz
14.19954,121.47290,viii,moderate,MODERATE,eil-2014-kmz
14.19954,121.47329,viii,low,LOW,eil-2014-kmz
14.19954,121.47407,viii,moderate,MODERATE,eil-2014-kmz
14.19954,121.47523,viii,high,HIGH,eil-2014-kmz
14.19954,121.47562,viii,moderate,MODERATE,eil-2014-kmz
14.19954,121.47640,viii,low,LOW,eil-2014-kmz
14.19954,121.48107,viii,low,LOW,eil-2014-kmz
14.19954,121.48146,viii,low,LOW,eil-2014-kmz
14.19954,121.48185,viii,low,LOW,eil-2014-kmz
14.19954,121.48224,viii,low,LOW,eil-2014-kmz
14.19954,121.48301,viii,moderate,MODERATE,eil-2014-kmz
14.19954,121.48340,viii,moderate,MODERATE,eil-2014-kmz
14.19954,121.48418,viii,low,LOW,eil-2014-kmz
14.19954,121.48457,viii,low,LOW,eil-2014-kmz
14.19954,121.48574,viii,low,LOW,eil-2014-kmz
14.19954,121.48613,viii,low,LOW,eil-2014-kmz
14.19954,121.48652,viii,low,LOW,eil-2014-kmz
14.19954,121.48690,viii,low,LOW,eil-2014-kmz
14.19915,121.47134,viii,low,LOW,eil-2014-kmz
14.19915,121.47173,viii,low,LOW,eil-2014-kmz
14.19915,121.47251,viii,moderate,MODERATE,eil-2014-kmz
14.19915,121.47290,viii,low,LOW,eil-2014-kmz
14.19915,121.47368,viii,low,LOW,eil-2014-kmz
14.19915,121.47407,viii,low,LOW,eil-2014-kmz
14.19915,121.47484,viii,low,LOW,eil-2014-kmz
14.19915,121.47523,viii,moderate,MODERATE,eil-2014-kmz
14.19915,121.47640,viii,low,LOW,eil-2014-kmz
14.19915,121.48029,viii,low,LOW,eil-2014-kmz
14.19915,121.48068,viii,low,LOW,eil-2014-kmz
14.19915,121.48107,viii,low,LOW,eil-2014-kmz
14.19915,121.48146,viii,low,LOW,eil-2014-kmz
14.19915,121.48185,viii,low,LOW,eil-2014-kmz
14.19915,121.48262,viii,low,LOW,eil-2014-kmz
14.19915,121.48301,viii,low,LOW,eil-2014-kmz
14.19915,121.48379,viii,low,LOW,eil-2014-kmz
14.19915,121.48418,viii,moderate,MODERATE,eil-2014-kmz
14.19915,121.48496,viii,moderate,MODERATE,eil-2014-kmz
14.19915,121.48613,viii,low,LOW,eil-2014-kmz
14.19915,121.48652,viii,low,LOW,eil-2014-kmz
14.19915,121.48729,viii,low,LOW,eil-2014-kmz
14.19915,121.48768,viii,low,LOW,eil-2014-kmz
14.19876,121.47134,viii,low,LOW,eil-2014-kmz
14.19876,121.47212,viii,low,LOW,eil-2014-kmz
14.19876,121.47329,viii,low,LOW,eil-2014-kmz
14.19876,121.47368,viii,moderate,MODERATE,eil-2014-kmz
14.19876,121.47446,viii,moderate,MODERATE,eil-2014-kmz
14.19876,121.47484,viii,moderate,MODERATE,eil-2014-kmz
14.19876,121.47679,viii,low,LOW,eil-2014-kmz
14.19876,121.48029,viii,low,LOW,eil-2014-kmz
14.19876,121.48068,viii,low,LOW,eil-2014-kmz
14.19876,121.48107,viii,low,LOW,eil-2014-kmz
14.19876,121.48185,viii,low,LOW,eil-2014-kmz
14.19876,121.48224,viii,low,LOW,eil-2014-kmz
14.19876,121.48262,viii,low,LOW,eil-2014-kmz
14.19876,121.48379,viii,low,LOW,eil-2014-kmz
14.19876,121.48457,viii,moderate,MODERATE,eil-2014-kmz
14.19876,121.48652,viii,low,LOW,eil-2014-kmz
14.19876,121.48690,viii,low,LOW,eil-2014-kmz
14.19876,121.48729,viii,low,LOW,eil-2014-kmz
14.19837,121.47173,viii,low,LOW,eil-2014-kmz
14.19837,121.47212,viii,moderate,MODERATE,eil-2014-kmz
14.19837,121.47290,viii,low,LOW,eil-2014-kmz
14.19837,121.47329,viii,moderate,MODERATE,eil-2014-kmz
14.19837,121.47407,viii,moderate,MODERATE,eil-2014-kmz
14.19837,121.47446,viii,low,LOW,eil-2014-kmz
14.19837,121.47640,viii,moderate,MODERATE,eil-2014-kmz
14.19837,121.47718,viii,moderate,MODERATE,eil-2014-kmz
14.19837,121.48029,viii,low,LOW,eil-2014-kmz
14.19837,121.48068,viii,low,LOW,eil-2014-kmz
14.19837,121.48224,viii,low,LOW,eil-2014-kmz
14.19837,121.48301,viii,moderate,MODERATE,eil-2014-kmz
14.19837,121.48340,viii,low,LOW,eil-2014-kmz
14.19837,121.48418,viii,low,LOW,eil-2014-kmz
14.19837,121.48574,viii,low,LOW,eil-2014-kmz
14.19837,121.48613,viii,low,LOW,eil-2014-kmz
14.19837,121.48652,viii,low,LOW,eil-2014-kmz
14.19798,121.47134,viii,low,LOW,eil-2014-kmz
14.19798,121.47251,viii,low,LOW,eil-2014-kmz
14.19798,121.47290,viii,moderate,MODERATE,eil-2014-kmz
14.19798,121.47407,viii,low,LOW,eil-2014-kmz
14.19798,121.47484,viii,low,LOW,eil-2014-kmz
14.19798,121.47523,viii,moderate,MODERATE,eil-2014-kmz
14.19798,121.47679,viii,moderate,MODERATE,eil-2014-kmz
14.19798,121.47718,viii,moderate,MODERATE,eil-2014-kmz
14.19798,121.48185,viii,low,LOW,eil-2014-kmz
14.19798,121.48262,viii,low,LOW,eil-2014-kmz
14.19798,121.48379,viii,moderate,MODERATE,eil-2014-kmz
14.19798,121.48457,viii,low,LOW,eil-2014-kmz
14.19798,121.48496,viii,low,LOW,eil-2014-kmz
14.19798,121.48535,viii,low,LOW,eil-2014-kmz
14.19798,121.48574,viii,low,LOW,eil-2014-kmz
14.19798,121.48613,viii,low,LOW,eil-2014-kmz
14.19759,121.47134,viii,moderate,MODERATE,eil-2014-kmz
14.19759,121.47212,viii,moderate,MODERATE,eil-2014-kmz
14.19759,121.47251,viii,low,LOW,eil-2014-kmz
14.19759,121.47368,viii,moderate,MODERATE,eil-2014-kmz
14.19759,121.47446,viii,low,LOW,eil-2014-kmz
14.19759,121.47484,viii,low,LOW,eil-2014-kmz
14.19759,121.47562,viii,moderate,MODERATE,eil-2014-kmz
14.19759,121.47757,viii,low,LOW,eil-2014-kmz
14.19759,121.47796,viii,low,LOW,eil-2014-kmz
14.19759,121.48224,viii,low,LOW,eil-2014-kmz
14.19759,121.48262,viii,moderate,MODERATE,eil-2014-kmz
14.19759,121.48379,viii,high,HIGH,eil-2014-kmz
14.19759,121.48457,viii,low,LOW,eil-2014-kmz
14.19759,121.48496,viii,low,LOW,eil-2014-kmz
14.19759,121.48535,viii,low,LOW,eil-2014-kmz
14.19720,121.47212,viii,low,LOW,eil-2014-kmz
14.19720,121.47329,viii,moderate,MODERATE,eil-2014-kmz
14.19720,121.47407,viii,moderate,MODERATE,eil-2014-kmz
14.19720,121.47446,viii,low,LOW,eil-2014-kmz
14.19720,121.47523,viii,moderate,MODERATE,eil-2014-kmz
14.19720,121.47601,viii,moderate,MODERATE,eil-2014-kmz
14.19720,121.47640,viii,low,LOW,eil-2014-kmz
14.19720,121.47718,viii,moderate,MODERATE,eil-2014-kmz
14.19720,121.48146,viii,low,LOW,eil-2014-kmz
14.19720,121.48185,viii,low,LOW,eil-2014-kmz
14.19720,121.48301,viii,moderate,MODERATE,eil-2014-kmz
14.19720,121.48340,viii,moderate,MODERATE,eil-2014-kmz
14.19720,121.48418,viii,high,HIGH,eil-2014-kmz
14.19720,121.48457,viii,moderate,MODERATE,eil-2014-kmz
14.19720,121.48496,viii,low,LOW,eil-2014-kmz
14.19720,121.48535,viii,low,LOW,eil-2014-kmz
14.19682,121.47134,viii,low,LOW,eil-2014-kmz
14.19682,121.47173,viii,low,LOW,eil-2014-kmz
14.19682,121.47251,viii,moderate,MODERATE,eil-2014-kmz
14.19682,121.47290,viii,low,LOW,eil-2014-kmz
14.19682,121.47368,viii,moderate,MODERATE,eil-2014-kmz
14.19682,121.47407,viii,moderate,MODERATE,eil-2014-kmz
14.19682,121.47484,viii,low,LOW,eil-2014-kmz
14.19682,121.47562,viii,moderate,MODERATE,eil-2014-kmz
14.19682,121.47601,viii,moderate,MODERATE,eil-2014-kmz
14.19682,121.47679,viii,moderate,MODERATE,eil-2014-kmz
14.19682,121.47718,viii,moderate,MODERATE,eil-2014-kmz
14.19682,121.47835,viii,low,LOW,eil-2014-kmz
14.19682,121.48185,viii,low,LOW,eil-2014-kmz
14.19682,121.48301,viii,low,LOW,eil-2014-kmz
14.19682,121.48379,viii,moderate,MODERATE,eil-2014-kmz
14.19682,121.48418,viii,high,HIGH,eil-2014-kmz
14.19682,121.48496,viii,moderate,MODERATE,eil-2014-kmz
14.19682,121.48535,viii,low,LOW,eil-2014-kmz
14.19643,121.47134,viii,low,LOW,eil-2014-kmz
14.19643,121.47251,viii,moderate,MODERATE,eil-2014-kmz
14.19643,121.47329,viii,low,LOW,eil-2014-kmz
14.19643,121.47368,viii,moderate,MODERATE,eil-2014-kmz
14.19643,121.47446,viii,moderate,MODERATE,eil-2014-kmz
14.19643,121.47523,viii,low,LOW,eil-2014-kmz
14.19643,121.47562,viii,moderate,MODERATE,eil-2014-kmz
14.19643,121.47640,viii,moderate,MODERATE,eil-2014-kmz
14.19643,121.47679,viii,moderate,MODERATE,eil-2014-kmz
14.19643,121.47757,viii,low,LOW,eil-2014-kmz
14.19643,121.47796,viii,low,LOW,eil-2014-kmz
14.19643,121.48185,viii,low,LOW,eil-2014-kmz
14.19643,121.48224,viii,low,LOW,eil-2014-kmz
14.19643,121.48262,viii,low,LOW,eil-2014-kmz
14.19643,121.48301,viii,low,LOW,eil-2014-kmz
14.19643,121.48340,viii,low,LOW,eil-2014-kmz
14.19643,121.48379,viii,low,LOW,eil-2014-kmz
14.19643,121.48457,viii,moderate,MODERATE,eil-2014-kmz
14.19643,121.48496,viii,moderate,MODERATE,eil-2014-kmz
14.19643,121.48574,viii,low,LOW,eil-2014-kmz
14.19604,121.47173,viii,low,LOW,eil-2014-kmz
14.19604,121.47290,viii,moderate,MODERATE,eil-2014-kmz
14.19604,121.47329,viii,low,LOW,eil-2014-kmz
14.19604,121.47407,viii,moderate,MODERATE,eil-2014-kmz
14.19604,121.47484,viii,low,LOW,eil-2014-kmz
14.19604,121.47523,viii,moderate,MODERATE,eil-2014-kmz
14.19604,121.47601,viii,high,HIGH,eil-2014-kmz
14.19604,121.47640,viii,low,LOW,eil-2014-kmz
14.19604,121.47718,viii,moderate,MODERATE,eil-2014-kmz
14.19604,121.48146,viii,low,LOW,eil-2014-kmz
14.19604,121.48224,viii,low,LOW,eil-2014-kmz
14.19604,121.48262,viii,low,LOW,eil-2014-kmz
14.19604,121.48301,viii,low,LOW,eil-2014-kmz
14.19604,121.48340,viii,low,LOW,eil-2014-kmz
14.19604,121.48379,viii,low,LOW,eil-2014-kmz
14.19604,121.48418,viii,moderate,MODERATE,eil-2014-kmz
14.19604,121.48457,viii,moderate,MODERATE,eil-2014-kmz
14.19604,121.48535,viii,low,LOW,eil-2014-kmz
14.19604,121.48613,viii,low,LOW,eil-2014-kmz
14.19565,121.47251,viii,low,LOW,eil-2014-kmz
14.19565,121.47290,viii,moderate,MODERATE,eil-2014-kmz
14.19565,121.47368,viii,low,LOW,eil-2014-kmz
14.19565,121.47446,viii,low,LOW,eil-2014-kmz
14.19565,121.47562,viii,moderate,MODERATE,eil-2014-kmz
14.19565,121.47601,viii,moderate,MODERATE,eil-2014-kmz
14.19565,121.47679,viii,high,HIGH,eil-2014-kmz
14.19565,121.47718,viii,low,LOW,eil-2014-kmz
14.19565,121.48107,viii,low,LOW,eil-2014-kmz
14.19565,121.48185,viii,low,LOW,eil-2014-kmz
14.19565,121.48224,viii,low,LOW,eil-2014-kmz
14.19565,121.48301,viii,low,LOW,eil-2014-kmz
14.19565,121.48340,viii,low,LOW,eil-2014-kmz
14.19565,121.48379,viii,low,LOW,eil-2014-kmz
14.19565,121.48418,viii,low,LOW,eil-2014-kmz
14.19565,121.48496,viii,low,LOW,eil-2014-kmz
14.19565,121.48535,viii,moderate,MODERATE,eil-2014-kmz
14.19565,121.48652,viii,low,LOW,eil-2014-kmz
14.19565,121.48690,viii,low,LOW,eil-2014-kmz
14.19565,121.50947,viii,runout,MODERATE,eil-2014-kmz
14.19526,121.47407,viii,low,LOW,eil-2014-kmz
14.19526,121.47446,viii,moderate,MODERATE,eil-2014-kmz
14.19526,121.47523,viii,high,HIGH,eil-2014-kmz
14.19526,121.47562,viii,moderate,MODERATE,eil-2014-kmz
14.19526,121.47640,viii,moderate,MODERATE,eil-2014-kmz
14.19526,121.47679,viii,moderate,MODERATE,eil-2014-kmz
14.19526,121.47757,viii,low,LOW,eil-2014-kmz
14.19526,121.47873,viii,low,LOW,eil-2014-kmz
14.19526,121.47912,viii,low,LOW,eil-2014-kmz
14.19526,121.48068,viii,low,LOW,eil-2014-kmz
14.19526,121.48107,viii,low,LOW,eil-2014-kmz
14.19526,121.48185,viii,low,LOW,eil-2014-kmz
14.19526,121.48224,viii,low,LOW,eil-2014-kmz
14.19526,121.48262,viii,low,LOW,eil-2014-kmz
14.19526,121.48301,viii,low,LOW,eil-2014-kmz
14.19526,121.48379,viii,low,LOW,eil-2014-kmz
14.19526,121.48457,viii,low,LOW,eil-2014-kmz
14.19526,121.48574,viii,low,LOW,eil-2014-kmz
14.19526,121.48652,viii,low,LOW,eil-2014-kmz
14.19487,121.47290,viii,low,LOW,eil-2014-kmz
14.19487,121.47368,viii,low,LOW,eil-2014-kmz
14.19487,121.47407,viii,moderate,MODERATE,eil-2014-kmz
14.19487,121.47484,viii,low,LOW,eil-2014-kmz
14.19487,121.47523,viii,moderate,MODERATE,eil-2014-kmz
14.19487,121.47601,viii,moderate,MODERATE,eil-2014-kmz
14.19487,121.47640,viii,moderate,MODERATE,eil-2014-kmz
14.19487,121.47835,viii,low,LOW,eil-2014-kmz
14.19487,121.47873,viii,low,LOW,eil-2014-kmz
14.19487,121.48068,viii,low,LOW,eil-2014-kmz
14.19487,121.48107,viii,low,LOW,eil-2014-kmz
14.19487,121.48146,viii,low,LOW,eil-2014-kmz
14.19487,121.48185,viii,low,LOW,eil-2014-kmz
14.19487,121.48224,viii,low,LOW,eil-2014-kmz
14.19487,121.48262,viii,low,LOW,eil-2014-kmz
14.19487,121.48301,viii,low,LOW,eil-2014-kmz
14.19487,121.48340,viii,low,LOW,eil-2014-kmz
14.19487,121.48457,viii,low,LOW,eil-2014-kmz
14.19487,121.48535,viii,low,LOW,eil-2014-kmz
14.19487,121.48574,viii,low,LOW,eil-2014-kmz
14.19448,121.47329,viii,low,LOW,eil-2014-kmz
14.19448,121.47368,viii,high,HIGH,eil-2014-kmz
14.19448,121.47446,viii,moderate,MODERATE,eil-2014-kmz
14.19448,121.47484,viii,low,LOW,eil-2014-kmz
14.19448,121.47562,viii,moderate,MODERATE,eil-2014-kmz
14.19448,121.47679,viii,low,LOW,eil-2014-kmz
14.19448,121.47718,viii,moderate,MODERATE,eil-2014-kmz
14.19448,121.47796,viii,low,LOW,eil-2014-kmz
14.19448,121.47912,viii,low,LOW,eil-2014-kmz
14.19448,121.48068,viii,low,LOW,eil-2014-kmz
14.19448,121.48107,viii,low,LOW,eil-2014-kmz
14.19448,121.48146,viii,low,LOW,eil-2014-kmz
14.19448,121.48185,viii,low,LOW,eil-2014-kmz
14.19448,121.48224,viii,low,LOW,eil-2014-kmz
14.19448,121.48262,viii,low,LOW,eil-2014-kmz
14.19448,121.48301,viii,low,LOW,eil-2014-kmz
14.19448,121.48379,viii,moderate,MODERATE,eil-2014-kmz
14.19448,121.48418,viii,moderate,MODERATE,eil-2014-kmz
14.19448,121.48496,viii,low,LOW,eil-2014-kmz
14.19448,121.48535,viii,low,LOW,eil-2014-kmz
14.19448,121.48613,viii,low,LOW,eil-2014-kmz
14.19448,121.48652,viii,low,LOW,eil-2014-kmz
14.19409,121.47290,viii,low,LOW,eil-2014-kmz
14.19409,121.47329,viii,low,LOW,eil-2014-kmz
14.19409,121.47407,viii,low,LOW,eil-2014-kmz
14.19409,121.47446,viii,high,HIGH,eil-2014-kmz
14.19409,121.47562,viii,moderate,MODERATE,eil-2014-kmz
14.19409,121.47640,viii,low,LOW,eil-2014-kmz
14.19409,121.47679,viii,low,LOW,eil-2014-kmz
14.19409,121.47796,viii,low,LOW,eil-2014-kmz
14.19409,121.47873,viii,low,LOW,eil-2014-kmz
14.19409,121.47912,viii,low,LOW,eil-2014-kmz
14.19409,121.47990,viii,low,LOW,eil-2014-kmz
14.19409,121.48029,viii,low,LOW,eil-2014-kmz
14.19409,121.48068,viii,low,LOW,eil-2014-kmz
14.19409,121.48146,viii,low,LOW,eil-2014-kmz
14.19409,121.48185,viii,low,LOW,eil-2014-kmz
14.19409,121.48224,viii,low,LOW,eil-2014-kmz
14.19409,121.48262,viii,low,LOW,eil-2014-kmz
14.19409,121.48340,viii,moderate,MODERATE,eil-2014-kmz
14.19409,121.48379,viii,low,LOW,eil-2014-kmz
14.19409,121.48457,viii,moderate,MODERATE,eil-2014-kmz
14.19409,121.48496,viii,moderate,MODERATE,eil-2014-kmz
14.19409,121.48574,viii,low,LOW,eil-2014-kmz
14.19409,121.48613,viii,low,LOW,eil-2014-kmz
14.19409,121.50674,viii,low,LOW,eil-2014-kmz
14.19409,121.50830,viii,low,LOW,eil-2014-kmz
14.19370,121.47290,viii,low,LOW,eil-2014-kmz
14.19370,121.47407,viii,moderate,MODERATE,eil-2014-kmz
14.19370,121.47484,viii,moderate,MODERATE,eil-2014-kmz
14.19370,121.47523,viii,moderate,MODERATE,eil-2014-kmz
14.19370,121.47601,viii,moderate,MODERATE,eil-2014-kmz
14.19370,121.47640,viii,moderate,MODERATE,eil-2014-kmz
14.19370,121.47718,viii,low,LOW,eil-2014-kmz
14.19370,121.47757,viii,low,LOW,eil-2014-kmz
14.19370,121.47835,viii,low,LOW,eil-2014-kmz
14.19370,121.47873,viii,low,LOW,eil-2014-kmz
14.19370,121.47951,viii,low,LOW,eil-2014-kmz
14.19370,121.47990,viii,low,LOW,eil-2014-kmz
14.19370,121.48068,viii,low,LOW,eil-2014-kmz
14.19370,121.48185,viii,low,LOW,eil-2014-kmz
14.19370,121.48224,viii,low,LOW,eil-2014-kmz
14.19370,121.48301,viii,moderate,MODERATE,eil-2014-kmz
14.19370,121.48340,viii,moderate,MODERATE,eil-2014-kmz
14.19370,121.48535,viii,low,LOW,eil-2014-kmz
14.19370,121.48574,viii,low,LOW,eil-2014-kmz
14.19370,121.50636,viii,low,LOW,eil-2014-kmz
14.19331,121.47446,viii,moderate,MODERATE,eil-2014-kmz
14.19331,121.47484,viii,moderate,MODERATE,eil-2014-kmz
14.19331,121.47562,viii,low,LOW,eil-2014-kmz
14.19331,121.47601,viii,high,HIGH,eil-2014-kmz
14.19331,121.47679,viii,moderate,MODERATE,eil-2014-kmz
14.19331,121.47718,viii,moderate,MODERATE,eil-2014-kmz
14.19331,121.47796,viii,low,LOW,eil-2014-kmz
14.19331,121.47835,viii,high,HIGH,eil-2014-kmz
14.19331,121.47912,viii,low,LOW,eil-2014-kmz
14.19331,121.47951,viii,low,LOW,eil-2014-kmz
14.19331,121.48029,viii,low,LOW,eil-2014-kmz
14.19331,121.48107,viii,low,LOW,eil-2014-kmz
14.19331,121.48146,viii,low,LOW,eil-2014-kmz
14.19331,121.48185,viii,low,LOW,eil-2014-kmz
14.19331,121.48262,viii,low,LOW,eil-2014-kmz
14.19331,121.48301,viii,low,LOW,eil-2014-kmz
14.19331,121.48379,viii,moderate,MODERATE,eil-2014-kmz
14.19331,121.48418,viii,low,LOW,eil-2014-kmz
14.19331,121.50558,viii,low,LOW,eil-2014-kmz
14.19331,121.50908,viii,low,LOW,eil-2014-kmz
14.19293,121.47290,viii,low,LOW,eil-2014-kmz
14.19293,121.47329,viii,low,LOW,eil-2014-kmz
14.19293,121.47407,viii,moderate,MODERATE,eil-2014-kmz
14.19293,121.47523,viii,low,LOW,eil-2014-kmz
14.19293,121.47562,viii,low,LOW,eil-2014-kmz
14.19293,121.47640,viii,low,LOW,eil-2014-kmz
14.19293,121.47757,viii,moderate,MODERATE,eil-2014-kmz
14.19293,121.47796,viii,moderate,MODERATE,eil-2014-kmz
14.19293,121.47873,viii,low,LOW,eil-2014-kmz
14.19293,121.47912,viii,low,LOW,eil-2014-kmz
14.19293,121.48029,viii,low,LOW,eil-2014-kmz
14.19293,121.48107,viii,low,LOW,eil-2014-kmz
14.19293,121.48146,viii,low,LOW,eil-2014-kmz
14.19293,121.48185,viii,low,LOW,eil-2014-kmz
14.19293,121.48224,viii,moderate,MODERATE,eil-2014-kmz
14.19293,121.48262,viii,low,LOW,eil-2014-kmz
14.19293,121.48340,viii,moderate,MODERATE,eil-2014-kmz
14.19293,121.48379,viii,low,LOW,eil-2014-kmz
14.19293,121.48496,viii,low,LOW,eil-2014-kmz
14.19293,121.48535,viii,low,LOW,eil-2014-kmz
14.19293,121.50636,viii,moderate,MODERATE,eil-2014-kmz
14.19293,121.50674,viii,high,HIGH,eil-2014-kmz
14.19293,121.50908,viii,low,LOW,eil-2014-kmz
14.19293,121.50947,viii,low,LOW,eil-2014-kmz
14.19254,121.47368,viii,low,LOW,eil-2014-kmz
14.19254,121.47484,viii,moderate,MODERATE,eil-2014-kmz
14.19254,121.47718,viii,high,HIGH,eil-2014-kmz
14.19254,121.47757,viii,low,LOW,eil-2014-kmz
14.19254,121.47835,viii,high,HIGH,eil-2014-kmz
14.19254,121.47873,viii,high,HIGH,eil-2014-kmz
14.19254,121.47951,viii,high,HIGH,eil-2014-kmz
14.19254,121.48146,viii,low,LOW,eil-2014-kmz
14.19254,121.48185,viii,low,LOW,eil-2014-kmz
14.19254,121.48301,viii,low,LOW,eil-2014-kmz
14.19254,121.48340,viii,low,LOW,eil-2014-kmz
14.19254,121.48379,viii,low,LOW,eil-2014-kmz
14.19254,121.48418,viii,low,LOW,eil-2014-kmz
14.19254,121.50713,viii,moderate,MODERATE,eil-2014-kmz
14.19254,121.50752,viii,moderate,MODERATE,eil-2014-kmz
14.19254,121.50908,viii,high,HIGH,eil-2014-kmz
14.19254,121.50986,viii,low,LOW,eil-2014-kmz
14.19254,121.51025,viii,low,LOW,eil-2014-kmz
14.19215,121.47368,viii,low,LOW,eil-2014-kmz
14.19215,121.47484,viii,moderate,MODERATE,eil-2014-kmz
14.19215,121.47601,viii,low,LOW,eil-2014-kmz
14.19215,121.47679,viii,moderate,MODERATE,eil-2014-kmz
14.19215,121.47796,viii,low,LOW,eil-2014-kmz
14.19215,121.47835,viii,low,LOW,eil-2014-kmz
14.19215,121.48029,viii,moderate,MODERATE,eil-2014-kmz
14.19215,121.48146,viii,low,LOW,eil-2014-kmz
14.19215,121.48185,viii,low,LOW,eil-2014-kmz
14.19215,121.48224,viii,low,LOW,eil-2014-kmz
14.19215,121.48301,viii,low,LOW,eil-2014-kmz
14.19215,121.48340,viii,low,LOW,eil-2014-kmz
14.19215,121.48379,viii,low,LOW,eil-2014-kmz
14.19215,121.50791,viii,moderate,MODERATE,eil-2014-kmz
14.19215,121.50908,viii,moderate,MODERATE,eil-2014-kmz
14.19176,121.47407,viii,low,LOW,eil-2014-kmz
14.19176,121.47446,viii,low,LOW,eil-2014-kmz
14.19176,121.47523,viii,low,LOW,eil-2014-kmz
14.19176,121.47562,viii,low,LOW,eil-2014-kmz
14.19176,121.47640,viii,moderate,MODERATE,eil-2014-kmz
14.19176,121.47679,viii,moderate,MODERATE,eil-2014-kmz
14.19176,121.47757,viii,high,HIGH,eil-2014-kmz
14.19176,121.47796,viii,high,HIGH,eil-2014-kmz
14.19176,121.47873,viii,low,LOW,eil-2014-kmz
14.19176,121.48029,viii,moderate,MODERATE,eil-2014-kmz
14.19176,121.48107,viii,low,LOW,eil-2014-kmz
14.19176,121.48224,viii,low,LOW,eil-2014-kmz
14.19176,121.48262,viii,low,LOW,eil-2014-kmz
14.19176,121.48301,viii,low,LOW,eil-2014-kmz
14.19176,121.48340,viii,low,LOW,eil-2014-kmz
14.19176,121.48379,viii,low,LOW,eil-2014-kmz
14.19176,121.51064,viii,low,LOW,eil-2014-kmz
14.19137,121.47407,viii,moderate,MODERATE,eil-2014-kmz
14.19137,121.47484,viii,low,LOW,eil-2014-kmz
14.19137,121.47523,viii,moderate,MODERATE,eil-2014-kmz
14.19137,121.47601,viii,low,LOW,eil-2014-kmz
14.19137,121.47640,viii,low,LOW,eil-2014-kmz
14.19137,121.47718,viii,moderate,MODERATE,eil-2014-kmz
14.19137,121.47757,viii,low,LOW,eil-2014-kmz
14.19137,121.47873,viii,moderate,MODERATE,eil-2014-kmz
14.19137,121.47951,viii,moderate,MODERATE,eil-2014-kmz
14.19137,121.48224,viii,low,LOW,eil-2014-kmz
14.19137,121.48262,viii,low,LOW,eil-2014-kmz
14.19137,121.48301,viii,low,LOW,eil-2014-kmz
14.19137,121.48340,viii,low,LOW,eil-2014-kmz
14.19137,121.48379,viii,low,LOW,eil-2014-kmz
14.19098,121.47484,viii,low,LOW,eil-2014-kmz
14.19098,121.47562,viii,moderate,MODERATE,eil-2014-kmz
14.19098,121.47679,viii,low,LOW,eil-2014-kmz
14.19098,121.47718,viii,high,HIGH,eil-2014-kmz
14.19098,121.47796,viii,low,LOW,eil-2014-kmz
14.19098,121.47835,viii,low,LOW,eil-2014-kmz
14.19098,121.47912,viii,high,HIGH,eil-2014-kmz
14.19098,121.48224,viii,low,LOW,eil-2014-kmz
14.19098,121.48262,viii,low,LOW,eil-2014-kmz
14.19098,121.48301,viii,low,LOW,eil-2014-kmz
14.19098,121.48340,viii,low,LOW,eil-2014-kmz
14.19098,121.48379,viii,low,LOW,eil-2014-kmz
14.19059,121.47523,viii,low,LOW,eil-2014-kmz
14.19059,121.47679,viii,low,LOW,eil-2014-kmz
14.19059,121.47757,viii,high,HIGH,eil-2014-kmz
14.19059,121.47796,viii,high,HIGH,eil-2014-kmz
14.19059,121.47912,viii,moderate,MODERATE,eil-2014-kmz
14.19059,121.47990,viii,moderate,MODERATE,eil-2014-kmz
14.19059,121.48029,viii,high,HIGH,eil-2014-kmz
14.19059,121.48107,viii,low,LOW,eil-2014-kmz
14.19059,121.48146,viii,low,LOW,eil-2014-kmz
14.19059,121.48224,viii,low,LOW,eil-2014-kmz
14.19059,121.48262,viii,low,LOW,eil-2014-kmz
14.19059,121.48301,viii,low,LOW,eil-2014-kmz
14.19059,121.48340,viii,low,LOW,eil-2014-kmz
14.19059,121.48379,viii,low,LOW,eil-2014-kmz
14.19059,121.51102,viii,low,LOW,eil-2014-kmz
14.19020,121.47601,viii,low,LOW,eil-2014-kmz
14.19020,121.47640,viii,low,LOW,eil-2014-kmz
14.19020,121.47757,viii,low,LOW,eil-2014-kmz
14.19020,121.47835,viii,moderate,MODERATE,eil-2014-kmz
14.19020,121.47873,viii,moderate,MODERATE,eil-2014-kmz
14.19020,121.47951,viii,low,LOW,eil-2014-kmz
14.19020,121.47990,viii,low,LOW,eil-2014-kmz
14.19020,121.48068,viii,low,LOW,eil-2014-kmz
14.19020,121.48185,viii,low,LOW,eil-2014-kmz
14.19020,121.48224,viii,low,LOW,eil-2014-kmz
14.19020,121.48262,viii,low,LOW,eil-2014-kmz
14.19020,121.48301,viii,low,LOW,eil-2014-kmz
14.19020,121.48340,viii,low,LOW,eil-2014-kmz
14.19020,121.48379,viii,low,LOW,eil-2014-kmz
14.18981,121.47679,viii,low,LOW,eil-2014-kmz
14.18981,121.47796,viii,low,LOW,eil-2014-kmz
14.18981,121.47835,viii,low,LOW,eil-2014-kmz
14.18981,121.47912,viii,low,LOW,eil-2014-kmz
14.18981,121.47951,viii,low,LOW,eil-2014-kmz
14.18981,121.48029,viii,low,LOW,eil-2014-kmz
14.18981,121.48068,viii,low,LOW,eil-2014-kmz
14.18981,121.48146,viii,moderate,MODERATE,eil-2014-kmz
14.18981,121.48185,viii,low,LOW,eil-2014-kmz
14.18981,121.48301,viii,low,LOW,eil-2014-kmz
14.18981,121.48379,viii,low,LOW,eil-2014-kmz
14.18942,121.47718,viii,low,LOW,eil-2014-kmz
14.18942,121.47757,viii,low,LOW,eil-2014-kmz
14.18942,121.47873,viii,low,LOW,eil-2014-kmz
14.18942,121.47912,viii,low,LOW,eil-2014-kmz
14.18942,121.47990,viii,low,LOW,eil-2014-kmz
14.18942,121.48185,viii,low,LOW,eil-2014-kmz
14.18942,121.48224,viii,low,LOW,eil-2014-kmz
14.18942,121.48301,viii,low,LOW,eil-2014-kmz
14.18942,121.48379,viii,low,LOW,eil-2014-kmz
14.18903,121.47757,viii,low,LOW,eil-2014-kmz
14.18903,121.47873,viii,low,LOW,eil-2014-kmz
14.18903,121.47951,viii,low,LOW,eil-2014-kmz
14.18903,121.47990,viii,low,LOW,eil-2014-kmz
14.18903,121.48068,viii,low,LOW,eil-2014-kmz
14.18903,121.48107,viii,moderate,MODERATE,eil-2014-kmz
14.18903,121.48340,viii,low,LOW,eil-2014-kmz
14.18865,121.47796,viii,low,LOW,eil-2014-kmz
14.18865,121.47835,viii,low,LOW,eil-2014-kmz
14.18865,121.47912,viii,low,LOW,eil-2014-kmz
14.18865,121.47951,viii,moderate,MODERATE,eil-2014-kmz
14.18865,121.48029,viii,low,LOW,eil-2014-kmz
14.18865,121.48068,viii,low,LOW,eil-2014-kmz
14.18865,121.48185,viii,low,LOW,eil-2014-kmz
14.18865,121.48457,viii,low,LOW,eil-2014-kmz
14.18865,121.51102,viii,moderate,MODERATE,eil-2014-kmz
14.18826,121.47757,viii,low,LOW,eil-2014-kmz
14.18826,121.47796,viii,low,LOW,eil-2014-kmz
14.18826,121.47912,viii,moderate,MODERATE,eil-2014-kmz
14.18826,121.47990,viii,moderate,MODERATE,eil-2014-kmz
14.18826,121.48029,viii,low,LOW,eil-2014-kmz
14.18826,121.48107,viii,moderate,MODERATE,eil-2014-kmz
14.18826,121.48146,viii,low,LOW,eil-2014-kmz
14.18826,121.48224,viii,low,LOW,eil-2014-kmz
14.18826,121.48262,viii,low,LOW,eil-2014-kmz
14.18826,121.48301,viii,low,LOW,eil-2014-kmz
14.18826,121.48457,viii,low,LOW,eil-2014-kmz
14.18787,121.47757,viii,low,LOW,eil-2014-kmz
14.18787,121.47835,viii,low,LOW,eil-2014-kmz
14.18787,121.47873,viii,low,LOW,eil-2014-kmz
14.18787,121.47951,viii,low,LOW,eil-2014-kmz
14.18787,121.47990,viii,low,LOW,eil-2014-kmz
14.18787,121.48068,viii,low,LOW,eil-2014-kmz
14.18787,121.48107,viii,low,LOW,eil-2014-kmz
14.18787,121.48224,viii,low,LOW,eil-2014-kmz
14.18787,121.48262,viii,low,LOW,eil-2014-kmz
14.18787,121.48301,viii,low,LOW,eil-2014-kmz
14.18748,121.47912,viii,low,LOW,eil-2014-kmz
14.18748,121.47951,viii,low,LOW,eil-2014-kmz
14.18748,121.48029,viii,low,LOW,eil-2014-kmz
14.18748,121.48068,viii,moderate,MODERATE,eil-2014-kmz
14.18748,121.48146,viii,moderate,MODERATE,eil-2014-kmz
14.18748,121.48185,viii,low,LOW,eil-2014-kmz
14.18748,121.48262,viii,low,LOW,eil-2014-kmz
14.18709,121.47679,viii,low,LOW,eil-2014-kmz
14.18709,121.47873,viii,low,LOW,eil-2014-kmz
14.18709,121.47990,viii,low,LOW,eil-2014-kmz
14.18709,121.48029,viii,low,LOW,eil-2014-kmz
14.18709,121.48107,viii,low,LOW,eil-2014-kmz
14.18709,121.48146,viii,moderate,MODERATE,eil-2014-kmz
14.18709,121.48224,viii,low,LOW,eil-2014-kmz
14.18709,121.48262,viii,low,LOW,eil-2014-kmz
14.18709,121.48301,viii,low,LOW,eil-2014-kmz
14.18670,121.47601,viii,low,LOW,eil-2014-kmz
14.18670,121.47640,viii,low,LOW,eil-2014-kmz
14.18670,121.47873,viii,low,LOW,eil-2014-kmz
14.18670,121.47912,viii,low,LOW,eil-2014-kmz
14.18670,121.47951,viii,low,LOW,eil-2014-kmz
14.18670,121.47990,viii,low,LOW,eil-2014-kmz
14.18670,121.48029,viii,low,LOW,eil-2014-kmz
14.18670,121.48068,viii,low,LOW,eil-2014-kmz
14.18670,121.48185,viii,low,LOW,eil-2014-kmz
14.18670,121.48301,viii,low,LOW,eil-2014-kmz
14.18670,121.51025,viii,low,LOW,eil-2014-kmz
14.18631,121.47601,viii,low,LOW,eil-2014-kmz
14.18631,121.47679,viii,low,LOW,eil-2014-kmz
14.18631,121.47912,viii,low,LOW,eil-2014-kmz
14.18631,121.47951,viii,low,LOW,eil-2014-kmz
14.18631,121.47990,viii,low,LOW,eil-2014-kmz
14.18631,121.48029,viii,low,LOW,eil-2014-kmz
14.18631,121.48068,viii,low,LOW,eil-2014-kmz
14.18631,121.48185,viii,low,LOW,eil-2014-kmz
14.18631,121.48224,viii,low,LOW,eil-2014-kmz
14.18631,121.48262,viii,low,LOW,eil-2014-kmz
14.18631,121.48340,viii,low,LOW,eil-2014-kmz
14.18631,121.48379,viii,low,LOW,eil-2014-kmz
14.18631,121.48924,viii,high,HIGH,eil-2014-kmz
14.18592,121.47562,viii,low,LOW,eil-2014-kmz
14.18592,121.47601,viii,low,LOW,eil-2014-kmz
14.18592,121.47640,viii,low,LOW,eil-2014-kmz
14.18592,121.47679,viii,low,LOW,eil-2014-kmz
14.18592,121.47990,viii,low,LOW,eil-2014-kmz
14.18592,121.48262,viii,low,LOW,eil-2014-kmz
14.18592,121.48301,viii,low,LOW,eil-2014-kmz
14.18592,121.48379,viii,low,LOW,eil-2014-kmz
14.18553,121.47601,viii,low,LOW,eil-2014-kmz
14.18553,121.47640,viii,low,LOW,eil-2014-kmz
14.18553,121.47679,viii,low,LOW,eil-2014-kmz
14.18553,121.47912,viii,low,LOW,eil-2014-kmz
14.18553,121.48301,viii,low,LOW,eil-2014-kmz
14.18553,121.48340,viii,low,LOW,eil-2014-kmz
14.18553,121.48379,viii,low,LOW,eil-2014-kmz
14.18553,121.48418,viii,low,LOW,eil-2014-kmz
14.18553,121.50558,viii,runout,MODERATE,eil-2014-kmz
14.18553,121.50674,viii,runout,MODERATE,eil-2014-kmz
14.18542,121.47523,viii,low,LOW,eil-2014-kmz
14.18542,121.47562,viii,low,LOW,eil-2014-kmz
14.18542,121.47601,viii,low,LOW,eil-2014-kmz
14.18542,121.47640,viii,low,LOW,eil-2014-kmz
14.18542,121.47679,viii,low,LOW,eil-2014-kmz
14.18542,121.47912,viii,low,LOW,eil-2014-kmz
14.18542,121.48301,viii,low,LOW,eil-2014-kmz
14.18542,121.48340,viii,low,LOW,eil-2014-kmz
14.18542,121.48418,viii,low,LOW,eil-2014-kmz
14.18542,121.48457,viii,low,LOW,eil-2014-kmz
14.18542,121.50558,viii,runout,MODERATE,eil-2014-kmz
14.18542,121.51025,viii,low,LOW,eil-2014-kmz
14.18503,121.47562,viii,low,LOW,eil-2014-kmz
14.18503,121.47601,viii,low,LOW,eil-2014-kmz
14.18503,121.47640,viii,low,LOW,eil-2014-kmz
14.18503,121.47679,viii,low,LOW,eil-2014-kmz
14.18503,121.47873,viii,low,LOW,eil-2014-kmz
14.18503,121.47912,viii,low,LOW,eil-2014-kmz
14.18503,121.47951,viii,low,LOW,eil-2014-kmz
14.18503,121.48340,viii,low,LOW,eil-2014-kmz
14.18503,121.48379,viii,low,LOW,eil-2014-kmz
14.18503,121.48418,viii,low,LOW,eil-2014-kmz
14.18464,121.47562,viii,low,LOW,eil-2014-kmz
14.18464,121.47640,viii,low,LOW,eil-2014-kmz
14.18464,121.47679,viii,low,LOW,eil-2014-kmz
14.18464,121.47873,viii,low,LOW,eil-2014-kmz
14.18464,121.47912,viii,low,LOW,eil-2014-kmz
14.18464,121.47951,viii,low,LOW,eil-2014-kmz
14.18464,121.48379,viii,low,LOW,eil-2014-kmz
14.18464,121.48418,viii,low,LOW,eil-2014-kmz
14.18425,121.47562,viii,low,LOW,eil-2014-kmz
14.18425,121.47601,viii,low,LOW,eil-2014-kmz
14.18425,121.47640,viii,low,LOW,eil-2014-kmz
14.18425,121.47679,viii,low,LOW,eil-2014-kmz
14.18425,121.47873,viii,low,LOW,eil-2014-kmz
14.18425,121.47912,viii,low,LOW,eil-2014-kmz
14.18425,121.47951,viii,low,LOW,eil-2014-kmz
14.18425,121.48496,viii,low,LOW,eil-2014-kmz
14.18386,121.47601,viii,low,LOW,eil-2014-kmz
14.18386,121.47640,viii,low,LOW,eil-2014-kmz
14.18386,121.47679,viii,low,LOW,eil-2014-kmz
14.18386,121.47835,viii,low,LOW,eil-2014-kmz
14.18386,121.47873,viii,low,LOW,eil-2014-kmz
14.18386,121.47912,viii,low,LOW,eil-2014-kmz
14.18386,121.47990,viii,low,LOW,eil-2014-kmz
14.18386,121.48029,viii,low,LOW,eil-2014-kmz
14.18386,121.48535,viii,low,LOW,eil-2014-kmz
14.18347,121.47601,viii,low,LOW,eil-2014-kmz
14.18347,121.47640,viii,low,LOW,eil-2014-kmz
14.18347,121.47873,viii,low,LOW,eil-2014-kmz
14.18347,121.47912,viii,low,LOW,eil-2014-kmz
14.18347,121.47951,viii,low,LOW,eil-2014-kmz
14.18347,121.47990,viii,low,LOW,eil-2014-kmz
14.18347,121.48457,viii,low,LOW,eil-2014-kmz
14.18347,121.48496,viii,low,LOW,eil-2014-kmz
14.18347,121.50441,viii,runout,MODERATE,eil-2014-kmz
14.18308,121.47873,viii,low,LOW,eil-2014-kmz
14.18308,121.47912,viii,low,LOW,eil-2014-kmz
14.18308,121.47951,viii,low,LOW,eil-2014-kmz
14.18308,121.48457,viii,low,LOW,eil-2014-kmz
14.18308,121.50441,viii,runout,MODERATE,eil-2014-kmz
14.18269,121.47640,viii,low,LOW,eil-2014-kmz
14.18269,121.47835,viii,low,LOW,eil-2014-kmz
14.18269,121.47873,viii,low,LOW,eil-2014-kmz
14.18269,121.47912,viii,low,LOW,eil-2014-kmz
14.18269,121.47951,viii,low,LOW,eil-2014-kmz
14.18269,121.48457,viii,low,LOW,eil-2014-kmz
14.18269,121.48496,viii,low,LOW,eil-2014-kmz
14.18269,121.48535,viii,low,LOW,eil-2014-kmz
14.18230,121.47835,viii,low,LOW,eil-2014-kmz
14.18230,121.47873,viii,low,LOW,eil-2014-kmz
14.18230,121.47912,viii,low,LOW,eil-2014-kmz
14.18230,121.47951,viii,low,LOW,eil-2014-kmz
14.18230,121.48457,viii,low,LOW,eil-2014-kmz
14.18230,121.48496,viii,low,LOW,eil-2014-kmz
14.18230,121.48535,viii,low,LOW,eil-2014-kmz
14.18192,121.47835,viii,low,LOW,eil-2014-kmz
14.18192,121.47873,viii,low,LOW,eil-2014-kmz
14.18192,121.47912,viii,low,LOW,eil-2014-kmz
14.18192,121.48457,viii,low,LOW,eil-2014-kmz
14.18192,121.48496,viii,low,LOW,eil-2014-kmz
14.18192,121.48535,viii,low,LOW,eil-2014-kmz
14.18192,121.50636,viii,runout,MODERATE,eil-2014-kmz
14.18192,121.50752,viii,runout,MODERATE,eil-2014-kmz
14.18153,121.47757,viii,low,LOW,eil-2014-kmz
14.18153,121.47796,viii,low,LOW,eil-2014-kmz
14.18153,121.47835,viii,low,LOW,eil-2014-kmz
14.18153,121.47873,viii,low,LOW,eil-2014-kmz
14.18153,121.47912,viii,low,LOW,eil-2014-kmz
14.18153,121.48457,viii,low,LOW,eil-2014-kmz
14.18153,121.48496,viii,low,LOW,eil-2014-kmz
14.18153,121.48535,viii,low,LOW,eil-2014-kmz
14.18114,121.47835,viii,low,LOW,eil-2014-kmz
14.18114,121.47873,viii,low,LOW,eil-2014-kmz
14.18114,121.48457,viii,low,LOW,eil-2014-kmz
14.18114,121.48496,viii,low,LOW,eil-2014-kmz
14.18114,121.48535,viii,low,LOW,eil-2014-kmz
14.18075,121.47718,viii,low,LOW,eil-2014-kmz
14.18075,121.47796,viii,low,LOW,eil-2014-kmz
14.18075,121.47835,viii,low,LOW,eil-2014-kmz
14.18075,121.47873,viii,low,LOW,eil-2014-kmz
14.18075,121.48457,viii,low,LOW,eil-2014-kmz
14.18075,121.48496,viii,low,LOW,eil-2014-kmz
14.18075,121.48535,viii,low,LOW,eil-2014-kmz
14.18075,121.48574,viii,low,LOW,eil-2014-kmz
14.18075,121.48613,viii,low,LOW,eil-2014-kmz
14.18036,121.47835,viii,low,LOW,eil-2014-kmz
14.18036,121.48496,viii,low,LOW,eil-2014-kmz
14.18036,121.48535,viii,low,LOW,eil-2014-kmz
14.18036,121.48574,viii,low,LOW,eil-2014-kmz
14.18036,121.48613,viii,low,LOW,eil-2014-kmz
14.17997,121.48535,viii,low,LOW,eil-2014-kmz
14.17997,121.48574,viii,low,LOW,eil-2014-kmz
14.17997,121.48613,viii,low,LOW,eil-2014-kmz
14.17958,121.47796,viii,low,LOW,eil-2014-kmz
14.17958,121.47835,viii,low,LOW,eil-2014-kmz
14.17958,121.48535,viii,low,LOW,eil-2014-kmz
14.17958,121.48574,viii,low,LOW,eil-2014-kmz
14.17958,121.48613,viii,low,LOW,eil-2014-kmz
14.17919,121.47796,viii,low,LOW,eil-2014-kmz
14.17919,121.47835,viii,low,LOW,eil-2014-kmz
14.17919,121.48574,viii,low,LOW,eil-2014-kmz
14.17919,121.48613,viii,low,LOW,eil-2014-kmz
14.17880,121.47835,viii,low,LOW,eil-2014-kmz
14.17880,121.48613,viii,low,LOW,eil-2014-kmz
14.17841,121.47835,viii,low,LOW,eil-2014-kmz
14.17841,121.47873,viii,low,LOW,eil-2014-kmz
14.17841,121.48535,viii,low,LOW,eil-2014-kmz
14.17803,121.47835,viii,low,LOW,eil-2014-kmz
14.17803,121.47951,viii,low,LOW,eil-2014-kmz
14.17803,121.47990,viii,low,LOW,eil-2014-kmz
14.17803,121.48574,viii,low,LOW,eil-2014-kmz
14.17764,121.47873,viii,low,LOW,eil-2014-kmz
14.17764,121.47912,viii,low,LOW,eil-2014-kmz
14.17764,121.47951,viii,low,LOW,eil-2014-kmz
14.17764,121.47990,viii,low,LOW,eil-2014-kmz
14.17764,121.48029,viii,low,LOW,eil-2014-kmz
14.17764,121.48574,viii,low,LOW,eil-2014-kmz
14.17764,121.48613,viii,low,LOW,eil-2014-kmz
14.17725,121.47873,viii,low,LOW,eil-2014-kmz
14.17725,121.47912,viii,low,LOW,eil-2014-kmz
14.17725,121.48574,viii,moderate,MODERATE,eil-2014-kmz
14.17725,121.48613,viii,low,LOW,eil-2014-kmz
14.17725,121.48652,viii,low,LOW,eil-2014-kmz
14.17686,121.47912,viii,low,LOW,eil-2014-kmz
14.17686,121.48574,viii,moderate,MODERATE,eil-2014-kmz
14.17686,121.48613,viii,low,LOW,eil-2014-kmz
14.17686,121.48652,viii,low,LOW,eil-2014-kmz
14.17647,121.47912,viii,low,LOW,eil-2014-kmz
14.17647,121.48029,viii,low,LOW,eil-2014-kmz
14.17647,121.48068,viii,low,LOW,eil-2014-kmz
14.17647,121.48574,viii,low,LOW,eil-2014-kmz
14.17647,121.48613,viii,low,LOW,eil-2014-kmz
14.17647,121.48652,viii,low,LOW,eil-2014-kmz
14.17608,121.47951,viii,low,LOW,eil-2014-kmz
14.17608,121.47990,viii,low,LOW,eil-2014-kmz
14.17608,121.48068,viii,low,LOW,eil-2014-kmz
14.17608,121.48535,viii,low,LOW,eil-2014-kmz
14.17608,121.48574,viii,low,LOW,eil-2014-kmz
14.17608,121.48613,viii,low,LOW,eil-2014-kmz
14.17569,121.47990,viii,low,LOW,eil-2014-kmz
14.17569,121.48029,viii,low,LOW,eil-2014-kmz
14.17569,121.48068,viii,low,LOW,eil-2014-kmz
14.17569,121.48496,viii,low,LOW,eil-2014-kmz
14.17569,121.48535,viii,low,LOW,eil-2014-kmz
14.17569,121.48574,viii,low,LOW,eil-2014-kmz
14.17569,121.48613,viii,low,LOW,eil-2014-kmz
14.17530,121.47990,viii,low,LOW,eil-2014-kmz
14.17530,121.48068,viii,low,LOW,eil-2014-kmz
14.17530,121.48457,viii,low,LOW,eil-2014-kmz
14.17530,121.48535,viii,low,LOW,eil-2014-kmz
14.17530,121.48574,viii,low,LOW,eil-2014-kmz
14.17530,121.48613,viii,low,LOW,eil-2014-kmz
14.17491,121.48068,viii,low,LOW,eil-2014-kmz
14.17491,121.48107,viii,low,LOW,eil-2014-kmz
14.17491,121.48146,viii,low,LOW,eil-2014-kmz
14.17491,121.48457,viii,low,LOW,eil-2014-kmz
14.17491,121.48496,viii,moderate,MODERATE,eil-2014-kmz
14.17491,121.48535,viii,low,LOW,eil-2014-kmz
14.17491,121.48574,viii,low,LOW,eil-2014-kmz
14.17491,121.48613,viii,low,LOW,eil-2014-kmz
14.17491,121.48652,viii,low,LOW,eil-2014-kmz
14.17452,121.48107,viii,low,LOW,eil-2014-kmz
14.17452,121.48146,viii,low,LOW,eil-2014-kmz
14.17452,121.48185,viii,low,LOW,eil-2014-kmz
14.17452,121.48535,viii,low,LOW,eil-2014-kmz
14.17452,121.48574,viii,low,LOW,eil-2014-kmz
14.17452,121.48613,viii,low,LOW,eil-2014-kmz
14.17413,121.48146,viii,low,LOW,eil-2014-kmz
14.17413,121.48185,viii,low,LOW,eil-2014-kmz
14.17413,121.48535,viii,low,LOW,eil-2014-kmz
14.17375,121.48379,viii,low,LOW,eil-2014-kmz
14.17336,121.48301,viii,low,LOW,eil-2014-kmz
14.17297,121.48107,viii,low,LOW,eil-2014-kmz
14.17297,121.48224,viii,low,LOW,eil-2014-kmz
14.17297,121.48262,viii,low,LOW,eil-2014-kmz
14.17258,121.48224,viii,low,LOW,eil-2014-kmz
14.17258,121.48262,viii,low,LOW,eil-2014-kmz
14.17063,121.48340,viii,low,LOW,eil-2014-kmz
14.17063,121.48379,viii,low,LOW,eil-2014-kmz
14.17063,121.48418,viii,low,LOW,eil-2014-kmz
14.17063,121.48457,viii,low,LOW,eil-2014-kmz
14.17024,121.48379,viii,low,LOW,eil-2014-kmz
14.17024,121.48457,viii,low,LOW,eil-2014-kmz
14.17024,121.48613,viii,low,LOW,eil-2014-kmz
14.16986,121.48418,viii,low,LOW,eil-2014-kmz
14.16986,121.48535,viii,low,LOW,eil-2014-kmz
14.16986,121.48574,viii,low,LOW,eil-2014-kmz
14.16986,121.48652,viii,low,LOW,eil-2014-kmz
14.16986,121.48690,viii,low,LOW,eil-2014-kmz
14.16947,121.48301,viii,low,LOW,eil-2014-kmz
14.16947,121.48574,viii,low,LOW,eil-2014-kmz
14.16947,121.48613,viii,low,LOW,eil-2014-kmz
14.16947,121.48652,viii,low,LOW,eil-2014-kmz
14.16947,121.48690,viii,low,LOW,eil-2014-kmz
14.16908,121.48574,viii,low,LOW,eil-2014-kmz
14.16908,121.48613,viii,low,LOW,eil-2014-kmz
14.16908,121.48690,viii,low,LOW,eil-2014-kmz
14.16908,121.48729,viii,low,LOW,eil-2014-kmz
14.16869,121.48729,viii,low,LOW,eil-2014-kmz
14.16869,121.48768,viii,low,LOW,eil-2014-kmz
14.16830,121.48418,viii,low,LOW,eil-2014-kmz
14.16830,121.48768,viii,low,LOW,eil-2014-kmz
14.16791,121.48340,viii,low,LOW,eil-2014-kmz
14.16791,121.48379,viii,low,LOW,eil-2014-kmz
14.16713,121.48146,viii,low,LOW,eil-2014-kmz
14.16519,121.49430,viii,low,LOW,eil-2014-kmz
14.16363,121.49118,viii,low,LOW,eil-2014-kmz
14.16363,121.49430,viii,low,LOW,eil-2014-kmz
14.16324,121.49118,viii,low,LOW,eil-2014-kmz
14.16324,121.49157,viii,low,LOW,eil-2014-kmz
14.16207,121.49313,viii,low,LOW,eil-2014-kmz
14.15741,121.51025,viii,runout,MODERATE,eil-2014-kmz
14.21743,121.53837,viii,low,LOW,eil-2014-kmz
14.21743,121.53876,viii,low,LOW,eil-2014-kmz
14.21743,121.53915,viii,low,LOW,eil-2014-kmz
14.21743,121.53954,viii,low,LOW,eil-2014-kmz
14.21743,121.53993,viii,low,LOW,eil-2014-kmz
14.21705,121.53760,viii,low,LOW,eil-2014-kmz
14.21705,121.53798,viii,low,LOW,eil-2014-kmz
14.21705,121.53837,viii,low,LOW,eil-2014-kmz
14.21705,121.53876,viii,low,LOW,eil-2014-kmz
14.21705,121.53915,viii,low,LOW,eil-2014-kmz
14.21705,121.53954,viii,low,LOW,eil-2014-kmz
14.21705,121.53993,viii,low,LOW,eil-2014-kmz
14.21705,121.54032,viii,low,LOW,eil-2014-kmz
14.21666,121.52087,viii,low,LOW,eil-2014-kmz
14.21666,121.52592,viii,low,LOW,eil-2014-kmz
14.21666,121.52631,viii,low,LOW,eil-2014-kmz
14.21666,121.53682,viii,low,LOW,eil-2014-kmz
14.21666,121.53721,viii,low,LOW,eil-2014-kmz
14.21666,121.53760,viii,low,LOW,eil-2014-kmz
14.21666,121.53798,viii,low,LOW,eil-2014-kmz
14.21666,121.53837,viii,low,LOW,eil-2014-kmz
14.21666,121.54888,viii,low,LOW,eil-2014-kmz
14.21627,121.52126,viii,low,LOW,eil-2014-kmz
14.21627,121.53682,viii,low,LOW,eil-2014-kmz
14.21627,121.53721,viii,low,LOW,eil-2014-kmz
14.21627,121.53760,viii,low,LOW,eil-2014-kmz
14.21627,121.54810,viii,low,LOW,eil-2014-kmz
14.21627,121.54849,viii,moderate,MODERATE,eil-2014-kmz
14.21588,121.54771,viii,low,LOW,eil-2014-kmz
14.21510,121.54654,viii,low,LOW,eil-2014-kmz
14.21510,121.54693,viii,low,LOW,eil-2014-kmz
14.21471,121.53643,viii,low,LOW,eil-2014-kmz
14.21471,121.53682,viii,low,LOW,eil-2014-kmz
14.21471,121.54771,viii,low,LOW,eil-2014-kmz
14.21432,121.53643,viii,low,LOW,eil-2014-kmz
14.21432,121.53682,viii,low,LOW,eil-2014-kmz
14.21432,121.53721,viii,low,LOW,eil-2014-kmz
14.21432,121.53760,viii,low,LOW,eil-2014-kmz
14.21432,121.54732,viii,low,LOW,eil-2014-kmz
14.21432,121.54771,viii,low,LOW,eil-2014-kmz
14.21432,121.54810,viii,low,LOW,eil-2014-kmz
14.21393,121.53682,viii,low,LOW,eil-2014-kmz
14.21393,121.53721,viii,low,LOW,eil-2014-kmz
14.21393,121.53760,viii,low,LOW,eil-2014-kmz
14.21393,121.53798,viii,low,LOW,eil-2014-kmz
14.21393,121.54771,viii,moderate,MODERATE,eil-2014-kmz
14.21393,121.54810,viii,low,LOW,eil-2014-kmz
14.21393,121.54849,viii,low,LOW,eil-2014-kmz
14.21354,121.53721,viii,low,LOW,eil-2014-kmz
14.21354,121.53760,viii,low,LOW,eil-2014-kmz
14.21354,121.53798,viii,low,LOW,eil-2014-kmz
14.21354,121.53837,viii,moderate,MODERATE,eil-2014-kmz
14.21354,121.53993,viii,low,LOW,eil-2014-kmz
14.21354,121.54810,viii,low,LOW,eil-2014-kmz
14.21354,121.54849,viii,low,LOW,eil-2014-kmz
14.21315,121.53798,viii,low,LOW,eil-2014-kmz
14.21315,121.53837,viii,moderate,MODERATE,eil-2014-kmz
14.21315,121.53876,viii,low,LOW,eil-2014-kmz
14.21315,121.53915,viii,low,LOW,eil-2014-kmz
14.21315,121.53954,viii,low,LOW,eil-2014-kmz
14.21315,121.53993,viii,low,LOW,eil-2014-kmz
14.21315,121.54849,viii,low,LOW,eil-2014-kmz
14.21315,121.54888,viii,low,LOW,eil-2014-kmz
14.21277,121.53798,viii,low,LOW,eil-2014-kmz
14.21277,121.53876,viii,low,LOW,eil-2014-kmz
14.21277,121.53915,viii,low,LOW,eil-2014-kmz
14.21277,121.53954,viii,low,LOW,eil-2014-kmz
14.21277,121.54849,viii,low,LOW,eil-2014-kmz
14.21277,121.54888,viii,low,LOW,eil-2014-kmz
14.21277,121.54927,viii,low,LOW,eil-2014-kmz
14.21238,121.53876,viii,low,LOW,eil-2014-kmz
14.21238,121.54888,viii,low,LOW,eil-2014-kmz
14.21238,121.54927,viii,low,LOW,eil-2014-kmz
14.21238,121.55004,viii,low,LOW,eil-2014-kmz
14.21199,121.54927,viii,low,LOW,eil-2014-kmz
14.21160,121.55043,viii,low,LOW,eil-2014-kmz
14.21121,121.55004,viii,low,LOW,eil-2014-kmz
14.21121,121.55043,viii,low,LOW,eil-2014-kmz
14.21043,121.55043,viii,low,LOW,eil-2014-kmz
14.21004,121.55043,viii,low,LOW,eil-2014-kmz
14.21004,121.55082,viii,low,LOW,eil-2014-kmz
14.20965,121.55082,viii,low,LOW,eil-2014-kmz
14.20926,121.55082,viii,low,LOW,eil-2014-kmz
14.20849,121.53137,viii,low,LOW,eil-2014-kmz
14.20810,121.53020,viii,low,LOW,eil-2014-kmz
14.20810,121.53059,viii,low,LOW,eil-2014-kmz
14.20810,121.54499,viii,low,LOW,eil-2014-kmz
14.20771,121.51114,viii,low,LOW,eil-2014-kmz
14.20771,121.52943,viii,low,LOW,eil-2014-kmz
14.20771,121.54071,viii,low,LOW,eil-2014-kmz
14.20771,121.54149,viii,low,LOW,eil-2014-kmz
14.20771,121.54343,viii,low,LOW,eil-2014-kmz
14.20771,121.54460,viii,low,LOW,eil-2014-kmz
14.20732,121.54343,viii,low,LOW,eil-2014-kmz
14.20732,121.54382,viii,low,LOW,eil-2014-kmz
14.20732,121.54421,viii,low,LOW,eil-2014-kmz
14.20693,121.52748,viii,runout,MODERATE,eil-2014-kmz
14.20693,121.53565,viii,low,LOW,eil-2014-kmz
14.20693,121.54421,viii,low,LOW,eil-2014-kmz
14.20615,121.53448,viii,low,LOW,eil-2014-kmz
14.20615,121.53487,viii,low,LOW,eil-2014-kmz
14.20576,121.51698,viii,low,LOW,eil-2014-kmz
14.20576,121.53487,viii,low,LOW,eil-2014-kmz
14.20576,121.53526,viii,low,LOW,eil-2014-kmz
14.20576,121.53565,viii,low,LOW,eil-2014-kmz
14.20537,121.51698,viii,moderate,MODERATE,eil-2014-kmz
14.20537,121.53526,viii,low,LOW,eil-2014-kmz
14.20537,121.53565,viii,low,LOW,eil-2014-kmz
14.20499,121.51698,viii,low,LOW,eil-2014-kmz
14.20460,121.51737,viii,moderate,MODERATE,eil-2014-kmz
14.20421,121.51775,viii,low,LOW,eil-2014-kmz
14.20421,121.54499,viii,runout,MODERATE,eil-2014-kmz
14.20382,121.51775,viii,low,LOW,eil-2014-kmz
14.19720,121.52126,viii,low,LOW,eil-2014-kmz
14.19682,121.52164,viii,moderate,MODERATE,eil-2014-kmz
14.19682,121.52203,viii,moderate,MODERATE,eil-2014-kmz
14.19643,121.52126,viii,low,LOW,eil-2014-kmz
14.19643,121.52242,viii,low,LOW,eil-2014-kmz
14.19643,121.52281,viii,low,LOW,eil-2014-kmz
14.19098,121.51503,viii,low,LOW,eil-2014-kmz
14.19098,121.51542,viii,low,LOW,eil-2014-kmz
14.19059,121.51114,viii,low,LOW,eil-2014-kmz
14.19059,121.51464,viii,low,LOW,eil-2014-kmz
14.19059,121.51503,viii,low,LOW,eil-2014-kmz
14.19020,121.51464,viii,low,LOW,eil-2014-kmz
14.18981,121.51425,viii,low,LOW,eil-2014-kmz
14.18942,121.51386,viii,low,LOW,eil-2014-kmz
14.18903,121.51114,viii,moderate,MODERATE,eil-2014-kmz
14.18903,121.51270,viii,low,LOW,eil-2014-kmz
14.18826,121.54693,viii,low,LOW,eil-2014-kmz
14.18670,121.54654,viii,moderate,MODERATE,eil-2014-kmz
14.21004,121.55094,viii,low,LOW,eil-2014-kmz
14.21004,121.55133,viii,low,LOW,eil-2014-kmz
14.21004,121.55989,viii,low,LOW,eil-2014-kmz
14.20965,121.55094,viii,low,LOW,eil-2014-kmz
14.20965,121.55133,viii,low,LOW,eil-2014-kmz
14.20965,121.55989,viii,low,LOW,eil-2014-kmz
14.20926,121.55094,viii,low,LOW,eil-2014-kmz
14.20926,121.55288,viii,low,LOW,eil-2014-kmz
14.20926,121.55327,viii,low,LOW,eil-2014-kmz
14.20926,121.55366,viii,low,LOW,eil-2014-kmz
14.20926,121.55989,viii,low,LOW,eil-2014-kmz
14.20926,121.56028,viii,low,LOW,eil-2014-kmz
14.20888,121.55288,viii,low,LOW,eil-2014-kmz
14.20888,121.55327,viii,low,LOW,eil-2014-kmz
14.20888,121.55366,viii,low,LOW,eil-2014-kmz
14.20888,121.55989,viii,low,LOW,eil-2014-kmz
14.20771,121.55561,viii,low,LOW,eil-2014-kmz
14.20732,121.55639,viii,low,LOW,eil-2014-kmz
14.20693,121.55639,viii,low,LOW,eil-2014-kmz
14.20693,121.55716,viii,low,LOW,eil-2014-kmz
14.20304,121.57856,viii,runout,MODERATE,eil-2014-kmz
14.18903,121.56845,viii,runout,MODERATE,eil-2014-kmz
14.18865,121.56456,viii,runout,MODERATE,eil-2014-kmz
14.18865,121.57000,viii,runout,MODERATE,eil-2014-kmz
14.18542,121.52164,viii,runout,MODERATE,eil-2014-kmz
14.18269,121.51386,viii,low,LOW,eil-2014-kmz
14.17608,121.52631,viii,runout,MODERATE,eil-2014-kmz
14.17608,121.53565,viii,low,LOW,eil-2014-kmz
14.17608,121.53604,viii,low,LOW,eil-2014-kmz
14.17375,121.53370,viii,runout,MODERATE,eil-2014-kmz
14.17258,121.52554,viii,runout,MODERATE,eil-2014-kmz
14.17102,121.54966,viii,low,LOW,eil-2014-kmz
14.16947,121.55082,viii,low,LOW,eil-2014-kmz
14.16013,121.52203,viii,runout,MODERATE,eil-2014-kmz
14.15818,121.51581,viii,runout,MODERATE,eil-2014-kmz
14.17803,121.55522,viii,low,LOW,eil-2014-kmz
14.17803,121.55600,viii,low,LOW,eil-2014-kmz
14.17803,121.55639,viii,low,LOW,eil-2014-kmz
14.17764,121.55561,viii,low,LOW,eil-2014-kmz
14.17764,121.55677,viii,low,LOW,eil-2014-kmz
14.17764,121.55755,viii,low,LOW,eil-2014-kmz
14.17764,121.55794,viii,low,LOW,eil-2014-kmz
14.17725,121.55677,viii,low,LOW,eil-2014-kmz
14.17725,121.55755,viii,low,LOW,eil-2014-kmz
14.17647,121.56494,viii,low,LOW,eil-2014-kmz
14.17647,121.56533,viii,low,LOW,eil-2014-kmz
14.17608,121.56456,viii,low,LOW,eil-2014-kmz
14.17608,121.56494,viii,low,LOW,eil-2014-kmz
14.17608,121.56533,viii,low,LOW,eil-2014-kmz
14.17608,121.56572,viii,low,LOW,eil-2014-kmz
14.17608,121.56611,viii,low,LOW,eil-2014-kmz
14.17608,121.56650,viii,low,LOW,eil-2014-kmz
14.17569,121.56222,viii,low,LOW,eil-2014-kmz
14.17569,121.56611,viii,low,LOW,eil-2014-kmz
14.17569,121.56650,viii,low,LOW,eil-2014-kmz
14.17530,121.55288,viii,runout,MODERATE,eil-2014-kmz
14.17530,121.56144,viii,low,LOW,eil-2014-kmz
14.17530,121.56183,viii,low,LOW,eil-2014-kmz
14.17530,121.56222,viii,low,LOW,eil-2014-kmz
14.17491,121.55872,viii,low,LOW,eil-2014-kmz
14.17491,121.56144,viii,low,LOW,eil-2014-kmz
14.17491,121.56183,viii,low,LOW,eil-2014-kmz
14.17063,121.55794,viii,low,LOW,eil-2014-kmz
14.16947,121.55094,viii,low,LOW,eil-2014-kmz
14.16908,121.55094,viii,low,LOW,eil-2014-kmz
14.16908,121.55133,viii,low,LOW,eil-2014-kmz
14.16869,121.55133,viii,low,LOW,eil-2014-kmz
14.16830,121.55172,viii,low,LOW,eil-2014-kmz
14.16791,121.55211,viii,low,LOW,eil-2014-kmz
14.16791,121.55250,viii,low,LOW,eil-2014-kmz
14.16791,121.55366,viii,low,LOW,eil-2014-kmz
14.16752,121.55288,viii,low,LOW,eil-2014-kmz
14.16752,121.55327,viii,low,LOW,eil-2014-kmz
